pmid,title,abstract,pub_year,journal,toxicant,organs,health_effects,products,ingredients,inference,relevant,relevance_reason
41819607,"Patch Test Results With the European Baseline Series, 2021/2022-Joint European Results of the ESSCA<sup>A</sup> and the EBS<sup>B</sup> Working Groups of the ESCD, and the GEIDAC<sup>C</sup>.","Patch test results obtained with the European Baseline Series (EBS) in its current version serve both contact allergy surveillance and (re-)assessing the diagnostic value of EBS allergens. To present results of current EBS patch testing, obtained in 59 departments in 14 European countries during 2021 and 2022. Anonymised or pseudonymised individual data, and partly aggregated results, on demographic/clinical characteristics and patch test results with the EBS were prospectively collected, centrally pooled, and retrospectively analysed. In 2021 and 2022, 18 832 patients were patch tested with the EBS. Sensitization to nickel remained most common (18.85 (18.29-19.43)% positivity (95% confidence interval)). Fragrance mix I and Myroxylon pereirae resin yielded very similar results with 6.39 (6.04-6.76)% and 6.5 (6.15-6.87)% positivity, respectively. Concerning preservatives, methylchloroisothiazolinone/methylisothiazolinone (MCI/MI) 0.02% aq. yielded 5.52 (5.11-5.96)% and MI 0.2% aq. yielded 5.28 (4.94-5.64)% positives. Testing formaldehyde 2% aq. identified almost one percentage point more positive reactions than 1% aq. (2.05 (1.81-2.32)% vs. 1.22 (0.99-1.48)). Positive reactions to the recently added allergens were most frequently seen to propolis (5.47 (5.12-5.84)%) and 2-hydroxyethyl methacrylate (3.63 (3.32-3.96)%). Compared to the previous reporting period, surveillance results with the EBS were mostly stable. The results regarding Quaternium 15 (0.4 (0.29-0.53)% positives) justified its exclusion from the 2023 EBS version.",2026,Contact dermatitis,formaldehyde_releasers,immune system,skin sensitization,unspecified,unspecified,clinical/hospital study,no,"This paper focuses on patch test results for contact allergy surveillance, which is not directly related to the health effects of chemical toxicants in cosmetic products."
41809635,Formaldehyde and Formaldehyde Releasing Preservatives in Personal Care Products Used by Black Women and Latinas.,"Formaldehyde and formaldehyde releasing preservatives (FRPs) are used in personal care products (PCPs) to prevent microbial growth and extend the shelf life. Several countries and U.S. states have banned or restricted the use of these chemicals due to carcinogenicity and other health concerns. However, the prevalence of these chemicals in PCPs used by the public, particularly by Black women and Latinas, remains poorly documented. We examined the prevalence of formaldehyde and FRPs listed as ingredients on PCPs from the Taking Stock Study (TSS), a community-engaged study in which 70 Black women and Latinas in South Los Angeles logged their PCP use with a smartphone application. We contextualized our results using EPA's Chemical and Products Database (CPDat), a public ingredient database. More than half of the TSS participants (53%) reported using at least one PCP with formaldehyde or FRPs despite only 4% of TSS PCPs and 8% of CPDat PCPs listing formaldehyde and/or FRPs as ingredients. We found formaldehyde and FRPs listed in frequently used products such as lotions and cleansers. The most common FRP was 1,3-dimethylol-5,5-dimethylhydantoin (DMDM) hydantoin. These results could inform the types of regulations needed to protect the U.S. population from adverse health risks due to formaldehyde exposure from PCP use.",2025,Environmental science & technology letters,formaldehyde_releasers,unspecified,carcinogenicity,unspecified,unspecified,cosmetics product study | skin/topical study | epidemiological study,yes,"This paper investigates the prevalence of formaldehyde and formaldehyde releasing preservatives in personal care products, which are chemical toxicants of concern in cosmetic products."
41692689,Allergic Risk of Moisturising Cosmetic Products: A Study on the Composition of 300 Products Commercialised in Tunisia.,"Moisturising cosmetic products (MCP) formulations may contain ingredients known to trigger allergic contact dermatitis. Claims such as 'hypoallergenic' or 'fragrance-free' are commonly used in marketing, yet these terms are not consistently regulated, potentially posing a risk for patients with allergic contact dermatitis. To assess the allergenic potential of moisturisers by analysing their ingredients and determining the prevalence of contact allergens. A survey conducted between April and June 2023. MCPs were collected from supermarkets and pharmacies. Data analysis focused on allergen prevalence and product origin. All products were systematically screened for seven targeted allergenic components by reviewing their ingredient labels (INCI): isothiazolinones, phenoxyethanol, formaldehyde and its releasers, lanolin, fragrances, parabens and propylene glycol. All allergens included in our study were systematically searched for all relevant synonyms in both English and French. Three hundred products were analysed, including 153 items (51%) from supermarkets and 147 (49%) from pharmacies. Fragrances were the most frequently identified allergens, present in 84.7% of formulations. Only 15.3% of products were free from fragrances and plant extracts. Among those labelled 'fragrance-free', 86.8% (46 of 53) were truly free of fragrances. Isothiazolinones were found in 7% of products, predominantly in leave-on formulations and locally manufactured brands. Formaldehyde-releasing agents were detected in 10.3% of products, with higher prevalence in supermarkets and leave-on items. Parabens were present in 10.7%, including two products with hydroxybenzoate. Propylene glycol was identified in 28% of products; still, 24.3% (18 of 74) of hypoallergenic-labelled products contained it. Phenoxyethanol appeared in 37.7% of formulations and was more common in supermarket-sold products. Lanolin was found in 2.7% of the products. The study highlights a high prevalence of contact allergens in MCPs, including those marketed as hypoallergenic.",2026,Contact dermatitis,formaldehyde_releasers,immune system,skin sensitization,moisturizer,lanolin | propylene glycol | phenoxyethanol,cosmetics product study | skin/topical study | clinical/hospital study | epidemiological study,yes,"This paper assesses the allergenic potential of moisturising cosmetic products, which involves evaluating the health effects of chemical toxicants in these products."
39155513,Hidden formaldehyde in cosmetic products.,"Formaldehyde is a common cause of contact allergy. Hidden formaldehyde, that is, formaldehyde in products without formaldehyde releasers, has previously been detected in cosmetic products. The objective of this study was to investigate the content and causes of hidden formaldehyde in leave-on cosmetic products. The formaldehyde release from 142 cosmetic products, primarily creams, was analysed using the chromotropic acid (CA) method. The study included 130 products with no formaldehyde releasers on the ingredient list and 12 products with formaldehyde releasers. Products without formaldehyde releasers positive to CA, that is, with formaldehyde ≥2.5 ppm, were additionally analysed using high-performance liquid chromatography (HPLC). Formaldehyde release from selected raw materials and packaging were also investigated. Hidden formaldehyde was found in 23 of the 130 products (18%) without formaldehyde releasers on the ingredient list. The average formaldehyde content was 105 ppm (range: 0.5-507 ppm) in products with hidden formaldehyde and 355 ppm (range: 75-637 ppm) in eight products with formaldehyde releasers, selected for HPLC analysis. Impurities of formaldehyde in dihydroxyacetone may be a cause of hidden formaldehyde in self-tanners. No clear pattern was found for the other products with hidden formaldehyde. Changes in regulation are needed to prevent allergic contact dermatitis from hidden formaldehyde in cosmetic products.",2024,Contact dermatitis,formaldehyde_releasers,immune system,skin sensitization,tanning product,unspecified,cosmetics product study | skin/topical study | analytical/method study,yes,"This paper investigates the content and causes of hidden formaldehyde in leave-on cosmetic products, which is a chemical toxicant of concern in cosmetic products."
38368629,"Trends in contact sensitization, results, and implications from a contact dermatitis clinic in Israel.","The baseline series includes common allergens, evolves over time, and differs by location. Our study aims to characterize allergen sensitization trends among the Israeli population during the last two decades, compare our results to American and European registries, as well as to highlight significant allergens in additional series outside the European baseline series (OEBS). We analysed patch test results of 2086 patients from a designated contact dermatitis clinic in Tel Aviv between 2019 and 2022, compared them to European and North American registries and to 2156 patch test results conducted in Israel two decades ago. 38.6% of patients had at least one positive reaction to an allergen in the European baseline series (EBS), nickel sulphate (14.6%), fragrance mix I (4.6%), and Methylchloroisothiazolinone methylisothiazolinone (MCI/MI; 3.7%) were the most common among them. N-Isopropyl N-Phenyl-4-Phenylenediamine (NIPPD; 0%), Propolis (0.1%), Sesquiterpene lactone mix (0.1%), and Budesonide (0.1%) elicited a sensitization frequency significantly lower than the proposed threshold for baseline inclusion. Chi-square test revealed a statistically significant decrease (p < 0.05) in the sensitization frequency of fragrance mix I, Formaldehyde, Potassium dichromate, Neomycin sulphate, Myroxylon pereirae, Sesquiterpene lactone, and NIPPD during the last two decades. The overall sensitization frequency to the majority of allergens was lower in our cohort in comparison to the North American and European registries. MCI/MI and 2-hydroxyethyl methacrylate-2 (HEMA) are common, relevant allergens, with high SPIN (significance and prevalence index number) and should be better regulated by the authorities. While among the EBS, NIPPD, Propolis, Sesquiterpene lactone, and Budesonide usually do not elicit a positive reaction and therefore should be reconsidered in baseline series, among the OEBS, Chloramphenicol, Quaternium 15, Propyl gallate, and Amerchol L101 have elicited high SPIN values and should be vigilantly examined in the suitable clinical scenario. Significantly lower sensitization frequency to propolis raises the possibility of a protective effect due to early oral exposure among the Israeli population.",2024,Contact dermatitis,formaldehyde_releasers,immune system,skin sensitization,unspecified,unspecified,clinical/hospital study | epidemiological study,no,"This paper focuses on characterizing allergen sensitization trends among the Israeli population, which is not directly related to the health effects of chemical toxicants in cosmetic products."
37776363,Imidazolidinyl Urea.,"The Expert Panel for Cosmetic Ingredient Safety reviewed updated information that has become available since their original assessment from 1980, along with updated information regarding product types, and frequency and concentrations of use, and reaffirmed their original conclusion that Imidazolidinyl Urea is safe as a cosmetic ingredient in the practices of use and concentration as described in this report.",2023,International journal of toxicology,formaldehyde_releasers,unspecified,unspecified,unspecified,unspecified,cosmetics product study,yes,"This paper reaffirms the safety of Imidazolidinyl Urea as a cosmetic ingredient, which is relevant to the health effects of chemical toxicants in cosmetic products."
37429522,From worst-case to reality - Case studies illustrating tiered refinement of consumer exposure to cosmetic ingredients.,"Consumer exposure to cosmetic ingredients is estimated in a tiered manner. Simple Tier1 deterministic aggregate exposure modelling generates a worst case estimate of exposure. Tier1 assumes that a consumer uses all cosmetic products concomitantly daily, at maximum frequency, and products always contain the ingredient at the maximum allowed % w/w concentration. Refining exposure assessment from worst case to more realistic estimates uses evidence from surveys of actual use levels of ingredients and Tier2 probabilistic models, where distributions of consumer use data can be applied. In Tier2+ modelling, occurrence data provides evidence of products on the market actually containing the ingredient. Three case studies are presented using this tiered approach to illustrate progressive refinement. The scale of refinements from Tier1 to Tier2+ modelling for the ingredients, propyl paraben, benzoic acid and DMDM hydantoin were: 0.492 to 0.026; 1.93 to 0.042 and 1.61 to 0.027 mg/kg/day exposure dose. For propyl paraben, moving from Tier1 to Tier2+ represents a refinement from 49-fold to 3-fold overestimate of exposure when compared to a maximum estimate of 0.01 mg/kg/day exposure seen in human studies. Such refinements from worst case to realistic levels of exposure estimation can be critical in the demonstration of consumer safety.",2023,Regulatory toxicology and pharmacology : RTP,formaldehyde_releasers,unspecified,unspecified,unspecified,unspecified,cosmetics product study | epidemiological study,yes,"This paper discusses methods for estimating consumer exposure to cosmetic ingredients, which is relevant to understanding the potential health effects of chemical toxicants in cosmetic products."
37177794,Quantitative Risk Assessment of Dermal Sensitization Potential Following Use of Shampoo Products Containing the Formaldehyde Releasing Preservative DMDM Hydantoin.,"Historically, formaldehyde was used as a preservative in personal care products to extend product shelf-life; however, given its skin sensitization potential it has been phased out of use and replaced with formaldehyde-releasing preservatives, such as Dimethyloldimethyl hydantoin (DMDMH). A relationship has been established between positive patch test results following exposure to DMDMH and previous sensitization to formaldehyde. Upon direct contact with the skin, formaldehyde can react with skin proteins and cause an acute inflammatory reaction, which may progress to skin sensitization following repeated exposure. This quantitative risk assessment (QRA) aimed to assess the risk of skin sensitization induction following use of shampoo products containing the maximum allowable concentrations of DMDMH in formulation (1% w/v), translating to a free formaldehyde concentration of 0.02%. To determine a margin of safety (MOS) for exposure to DMDMH from use of shampoo products, consumer exposure levels (CEL) were estimated based on typical use scenarios and then benchmarked against an acceptable exposure level (AEL). The AEL was derived using a weight of evidence approach where a range of no expected sensitization induction levels (NESILs) was utilized. The MOS values for a shampoo product containing 1% DMDMH (.02% formaldehyde) was above 1 for the typical use scenario indicating a low likelihood of skin sensitization induction among healthy individuals. Thus, it can be concluded that shampoo products containing DMDMH at or below current allowable concentrations are not expected to increase the risk of skin sensitization induction.",2023,International journal of toxicology,formaldehyde_releasers,skin,skin sensitization,shampoo,unspecified,cosmetics product study | hair product study,yes,"This paper assesses the dermal sensitization potential of a formaldehyde-releasing preservative, which is a chemical toxicant commonly found in cosmetic products."
36981689,Potential Carcinogens in Makeup Cosmetics.,"Facial makeup cosmetics are commonly used products that are applied to the skin, and their ingredients come into contact with it for many years. Consequently, they should only contain substances that are considered safe or used within an allowable range of established concentrations. According to current European laws, all cosmetics approved for use should be entirely safe for their users, and the responsibility for this lies with manufacturers, distributors, and importers. However, the use of cosmetics can be associated with undesirable effects due to the presence of certain chemical substances. An analysis of 50 random facial makeup cosmetics commercially available on the European Union market and manufactured in six European countries was carried out, concerning the presence of substances with potential carcinogenic properties, as described in recent years in the literature. Nine types of facial makeup cosmetics were selected, and their compositions, as declared on the labels, were analyzed. The carcinogens were identified with information present in the European CosIng database and according to the Insecticide Resistance Action Committee's (IRAC) classification. As a result, the following potential carcinogens were identified: parabens (methylparaben, propylparaben, butylparaben, and ethylparaben), ethoxylated compounds (laureth-4, lautreth-7, or ethylene glycol polymers known as PEG), formaldehyde donors (imidazolidinyl urea, quaternium 15, and DMDM hydantoin), and ethanolamine and their derivatives (triethanolamine and diazolidinyl urea), as well as carbon and silica. In conclusion, all of the analyzed face makeup cosmetics contain potential carcinogenic substances. The literature review confirmed the suppositions regarding the potential carcinogenic effects of selected cosmetic ingredients. Therefore, it seems necessary to carry out studies on the long-term exposure of compounds present in cosmetics and perhaps introduce stricter standards and laws regulating the potential presence of carcinogens and their activity in cosmetics.",2023,International journal of environmental research and public health,formaldehyde_releasers,skin,carcinogenicity,unspecified,unspecified,cosmetics product study,yes,"This paper discusses the potential carcinogens in makeup cosmetics, which is directly related to the health effects of chemical toxicants in cosmetic products."
36895166,Effect of leave-on cosmetic antimicrobial preservatives on healthy skin resident Staphylococcus epidermidis.,"The effect of high doses preservatives in the leave-on cosmetic products to the skin microbiota is not clear. Studies have shown that the preservatives might alter the balance of the skin microbiota. In this study, we aimed to evaluate antimicrobial effect of nine cosmetic chemical preservatives. A total of 77 Staphylococcus epidermidis isolates from 46 healthy zygomatic skin samples were characterized by multilocus sequence typing (MLST). Nine preservatives used in leave-on cosmetics were analyzed by testing the minimal inhibitory concentrations (MICs) against S. epidermidis isolates. We also determined the mutant prevention concentration (MPC) and bactericidal kinetics on selected isolates. More than 17 sequence types were recognized among 77 S. epidermidis isolates. Our data demonstrated that the maximum permitted doses of 2-bromo-2-nitro-1,3-propanediol, ethyl 4-hydroxybenzoate, hexadecyltrimethylammonium bromide, and imidazolidinyl urea were significantly higher than both their MICs and MPCs. We showed that, at the maximum permitted doses, two preservatives could completely kill 10<sup>7</sup>  CFU/mL S. epidermidis in less than 1 h in MH broth. Our data demonstrated that certain preservatives of the leave-on cosmetics might inhibit or kill S. epidermidis cells and perturb the skin microbiota balance. The determination of the maximum permitted doses of the preservatives should not only be based on the toxicological data, but also antimicrobial susceptibility analysis. This comprehensive evaluation would ensure a balanced and healthy skin microbiota.",2023,Journal of cosmetic dermatology,formaldehyde_releasers,skin,unspecified,unspecified,unspecified,cosmetics product study,yes,"This paper evaluates the antimicrobial effect of preservatives in leave-on cosmetic products, which can have implications for the health effects of chemical toxicants on skin microbiota."
35838492,Trends in formaldehyde and formaldehyde-releaser contact allergies as compared with market exposure in Thailand.,"Formaldehyde and formaldehyde releasers (FRs) are common preservatives in cosmetics and household products. Their contact allergy trends are decreasing in Europe and America, but trend data for Asia are limited. The first objective was to determine the prevalences of and trends in contact allergies to formaldehyde and FRs. The second objective was to establish how often formaldehyde and FRs were mentioned on the labels of products sold in the Thai market. Twenty years of data on patch test results for formaldehyde and FRs were reviewed. Their frequency of mention on the labels of 5855 products was analysed. The trends in contact allergy to formaldehyde and FRs were decreasing. The overall prevalence of formaldehyde contact allergy was 2.5%. The most common FR to cause contact allergy was quaternium-15. Formaldehyde and FRs were identified as ingredients in 10.2% of the products surveyed. Dimethylol dimethyl hydantoin was the most common FR (5.2%). The highest use of formaldehyde and FRs (15.5%) was in hair care products. Although contact allergy trends in Thailand were decreasing, the proportion of products with FRs remained high. Comprehensive and universal legislation is needed to control the presence of formaldehyde and FRs.",2023,Contact dermatitis,formaldehyde_releasers,eye | immune system,skin sensitization,unspecified,unspecified,cosmetics product study | hair product study | epidemiological study,yes,"This paper investigates the trends of formaldehyde and formaldehyde releaser contact allergies in Thailand, which is relevant to the health effects of chemical toxicants in cosmetic products."
35794071,Preservatives in non-cosmetic products: Increasing human exposure requires action for protection of health.,"The widespread use of skin sensitizing preservatives is well-known. Contact allergy to preservatives is often caused by their presence in cosmetic products. Preservative use in non-cosmetic products is less well-known. We have reviewed European Union (EU) legislations on classification and labelling, biocides and cosmetics, concerning conditions for use of the most used sensitizing preservatives (including formaldehyde-releasing substances, isothiazolinones and parabens). We have analysed temporal trends in their use in non-cosmetic products (tonnes, number of products, concentrations), based on annual reports to the Swedish Products Register 1995-2018; and we discuss implications for stakeholders. Major changes over time are that the use of most of the preservatives has increased by tonnes and/or by number of products, and that several use concentrations have declined following harmonized classification as a skin sensitizer with low concentration limits for this classification. We conclude that the massive increase in use of preservatives is alarming, and that urgent action is needed for protection of health. Their use in non-cosmetic products is broad, increasing and often undisclosed. In the EU, legislations concerning chemicals can provide relevant restrictions to reduce their use and associated health risks, monitored by efficient surveillance. Prevention would be benefited by better coordination between legislations.",2022,Contact dermatitis,formaldehyde_releasers,skin | immune system,skin sensitization,unspecified,unspecified,cosmetics product study,yes,"This paper examines the use of preservatives in non-cosmetic products, which is related to the broader topic of chemical toxicants in various products, including cosmetics."
35033244,"The development of dual-function solid-phase method as extraction and a decomposition reaction media for the determination of a formaldehyde releaser, imidazolidinyl urea, in cosmetics.","In this study, we present a simple method to determine imidazolidinyl urea (IU) in cosmetics using a solid phase as both a decomposition field and an extraction phase. IU is difficult to quantify because it is a mixture of allantoin-formaldehyde condensation products that are easily decomposed to release formaldehyde. In our method, IU is decomposed to allantoin and 1-[4-(hydroxymethyl)-2,5-dioxoimidazolidin-4-yl]urea (4-HU) on an aminopropyl-bonded silica solid phase. Subsequent high-performance liquid chromatography enables quantification of the resulting allantoin and 4-HU. The quantified value was converted to the total allantoin amount on the basis of molecular weight, and the calculated value was compared with that of an IU reference standard to determine the contents. The calibration curves of the decomposed IU as allantoin and 4-HU were both linear over an IU solution concentration range from 0.05 to 0.65% (w/v). The recoveries from lotion, body soap, and conditioners, which contained 0.1%, 0.3%, and 0.6% (w/w) of IU, respectively, ranged from 88.2 to 107.5%. The relative standard deviation values for the recovery tests of six replicates ranged from 1.03 to 6.97%. The intra-laboratory precisions for the lotion and conditioner A containing 0.3% IU were 3.02 and 4.94%, respectively. This method was well validated and would be helpful in determining IU in cosmetic samples.",2022,Analytica chimica acta,formaldehyde_releasers,unspecified,unspecified,conditioner | soap,unspecified,cosmetics product study | skin/topical study | analytical/method study,yes,"This paper presents a method for determining a formaldehyde releaser, imidazolidinyl urea, in cosmetics, which is relevant to the analysis of chemical toxicants in cosmetic products."
34748058,"Prevalence and trend of allergen sensitization in patients with a diagnosis of stasis dermatitis referred for patch testing, North American contact dermatitis group data, 2001-2016.","Few studies explored the relationship between stasis dermatitis (SD) and allergic contact dermatitis (ACD). To examine trends, associations, and clinical relevance of ACD in patients referred for patch testing who had a final SD diagnosis. Retrospective analysis from 2001 to 2016 of 38,723 patients from the North American Contact Dermatitis Group. After patch testing, 303 (0.7%) patients were diagnosed with SD; 46.7% had a concomitant diagnosis of ACD. Patients with vs. without a final SD diagnosis had similar proportions of ≥ 1 positive allergic reaction (59.7% vs. 64.7%; Chi-square, P = 0.0724) but higher odds of allergic reactions to fragrance mix I, bacitracin, quaternium-15, Myroxylon pereirae, benzalkonium chloride, ethyleneurea melamine formaldehyde, diazolidinyl urea, and propylene glycol. The most commonly relevant allergens in patients with final SD diagnosis were fragrance mix I, Myroxylon pereirae, bacitracin, quaternium-15, and formaldehyde. The most common allergen sources were personal care products, topical medications and other health aid products. Nearly half of patients with a final SD diagnosis were also diagnosed with ACD, supporting the role of patch testing in select SD patients.",2022,Archives of dermatological research,formaldehyde_releasers,immune system,skin sensitization,unspecified,propylene glycol,cosmetics product study | skin/topical study | clinical/hospital study | epidemiological study,no,"This paper explores the relationship between stasis dermatitis and allergic contact dermatitis, but does not specifically address the health effects of chemical toxicants in cosmetic products."
34723037,Analytical Method Development for Determining Formaldehyde in Cream Cosmetics Using Hyphenated Gas Chromatography.,"Formaldehyde has been reported to be a potential human carcinogen due to its toxicity. However, formaldehyde releaser substances are still widely used as a preservative in cosmetics. Researchers have developed various methods for determining formaldehyde. One of the problems involved in the standard method is that of obtaining a derivatization agent, especially for routine analysis in the National Agency of Drug and Food, Indonesia. Therefore, this study aimed to develop a new method using gas chromatography-mass spectrometry (GC-MS) and gas chromatography-flame ionization detection (GC-FID). The significant modifications involved optimizations of five series of concentrations of <i>p</i>-toluenesulfonic (PTS) acid in ethanol (acidified ethanol), used as the derivatization agent, and the conditions of time and temperature of the reaction to yield the highest peak area. In addition, sample analysis was also carried out using the 2,4-dinitrophenylhydrazine (DNPH) method with high-performance liquid chromatography (HPLC) to compare the quantification results. The validated method showed intraday and interday precision, an accuracy (% RSD) of less than 3.7%, confidence interval 95.0-105.0%, a limit of detection and quantitation of 0.0099 and 0.0329 μg/mL (for DNPH by HPLC-DAD), 0.0158 and 0.0528 μg/mL (for PTS by SHS-GC-MS), and 1.1287 and 3.7625 μg/mL (for PTS liquid by GC-FID), respectively. These results have met the requirements for a validated analytical method and could be applied for routine analysis.",2021,ACS omega,formaldehyde_releasers,unspecified,carcinogenicity,unspecified,unspecified,cosmetics product study | skin/topical study | analytical/method study,yes,"This paper aims to develop a method for determining formaldehyde in cream cosmetics, which is a chemical toxicant commonly found in cosmetic products."
33956604,Contact Dermatitis of the Hands: Is It Irritant or Allergic?,"Hand contact dermatitis is common, and irritant contact dermatitis (ICD) is more likely than allergic contact dermatitis (ACD) in both occupational and nonoccupational settings. Irritant contact dermatitis can have acute and chronic presentations, and hand hygiene products can contribute. The most common relevant hand contact allergens in North American patch test populations are methylisothiazolinone (MI), nickel, formaldehyde, quaternium-15, and fragrance mix I. In health care workers, rubber accelerators often are relevant as potential contact allergens. Clinically, it can be difficult to differentiate between ICD and ACD, and patch testing often is required for definitive diagnosis. When patch testing is indicated, supplemental allergen series in addition to a screening series often are needed. Management of hand contact dermatitis requires gentle skin care, avoidance of irritants and/ or allergens when appropriate, and prescription topical or systemic therapies or phototherapy when indicated.",2021,Cutis,formaldehyde_releasers,skin | immune system,skin sensitization,unspecified,unspecified,skin/topical study | clinical/hospital study | industrial/occupational,yes,"This paper discusses the causes and allergens of hand contact dermatitis, which can be related to chemical toxicants in cosmetic products."
33634511,"Prevalence and trend of allergen sensitization in patients with nummular (discoid) eczema referred for patch testing: North American Contact Dermatitis Group data, 2001-2016.","Few studies have examined the relationship between nummular (discoid) eczema (NE) and allergic contact dermatitis (ACD). To examine trends, associations, and clinical relevance of ACD in patients with NE who were referred for patch testing. Retrospective analysis of 38 723 patients from the North American Contact Dermatitis Group. Overall, 748 patients (1.9%) were diagnosed with NE; 23.9% had a concomitant diagnosis of ACD. The prevalence of NE fluctuated over time between 2001 and 2016, with no overall change in prevalence in diagnosed NE. In multivariable logistic regression models, NE increased steadily with age and was associated with male sex and Asian and other race/ethnicity, and inversely associated with a history of atopic dermatitis (AD) and hay fever. Patients with NE had lower proportions of one or more positive allergic reactions and lower odds of a positive reaction in multiple individual allergens. The most commonly relevant allergens in patients with NE were formaldehyde 2.0% aq., methylisothiazolinone, quaternium 15, fragrance mix I, and propylene glycol. NE is a heterogeneous disorder with distinct subsets of lesional distributions and a profile of relevant allergens, especially formaldehyde and formaldehyde releasers. Nearly one in four patients with NE had ACD, supporting the role of patch testing in patients with NE.",2021,Contact dermatitis,formaldehyde_releasers,immune system,skin sensitization,unspecified,propylene glycol,clinical/hospital study | epidemiological study,yes,"This study examines the relationship between nummular eczema and allergic contact dermatitis, which can be triggered by chemical toxicants in personal care products."
33259878,"Hand dermatitis in adults referred for patch testing: Analysis of North American Contact Dermatitis Group Data, 2000 to 2016.","Hand eczema (HE) is a heterogeneous and burdensome disorder. To characterize the clinical characteristics, etiologies and allergen relevance in adults with HE referred for patch testing. Retrospective analysis (2000-2016) of North American Contact Dermatitis Group data (n = 37,113). Overall, 10,034 patients had HE, with differences of overlap between allergic contact, irritant contact, and atopic dermatitis. Allergic contact HE fluctuated, whereas atopic HE steadily increased, and irritant HE decreased over time. HE was associated with higher proportions of positive patch tests (67.5% vs 63.8%; χ<sup>2</sup>, P < .0001). The five most common clinically relevant allergens were methylisothiazolinone, nickel, formaldehyde, quaternium-15, and fragrance mix I. HE was associated with significantly higher odds of positive patch test reactions and clinical relevance in 13 and 16 of the 25 most common allergens, respectively, including preservatives, metals, topical medications, and rubber accelerators. No data on HE phenotype. HE in adults was associated with higher proportions of positive patch tests, with a heterogeneous profile of allergens. Patch testing remains an important tool in the evaluation of patients with HE.",2021,Journal of the American Academy of Dermatology,formaldehyde_releasers,immune system,skin sensitization,unspecified,unspecified,skin/topical study | clinical/hospital study,yes,"This paper analyzes the clinical characteristics and allergen relevance of hand eczema, which can be caused by chemical toxicants in hand hygiene products and other personal care products."
33039486,"Contact dermatitis to personal care products is increasing (but different!) in males and females: North American Contact Dermatitis Group data, 1996-2016.","Personal care products (PCPs) are commonly responsible for allergic contact dermatitis and irritant contact dermatitis. PCP use was historically associated with females, but male-targeted PCPs are increasingly being marketed. To characterize and compare males with PCP-related contact dermatitis (MPCPs) and females with PCP-related contact dermatitis (FPCPs). This was a retrospective cross-sectional analysis of North American Contact Dermatitis Group data (1996-2016). Four thousand six hundred eighty of 16,233 men (28.8%) and 12,730 of 32,222 (39.5%) women had a PCP identified as a source of irritant contact dermatitis or a positive patch test reaction. The proportion of PCP-related dermatitis in both sexes significantly increased (>2.7-fold) over the decade of study. Compared with FPCPs, a larger proportion of MPCPs were older or had trunk or extremity dermatitis (P < .0001). MPCPs were twice as likely to have soaps as a source while FPCPs were twice as likely to have hair care products (P < .0001). The most common PCP-related North American Contact Dermatitis Group allergens for both sexes were methylisothiazolinone (MPCP 28.8% and FPCP 21.5%), fragrance mix I (MPCP 22.3% and FPCP 20.1%), balsam of Peru (MPCP 18.5% and FPCP 14.1%), quaternium-15 (MPCP 16.1% and FPCP 12.3%), and paraphenylenediamine (MPCP 11.5% and FPCP 11.1%). Patient population referred for suspected contact dermatitis. PCP-related dermatitis is increasing. Sites of involvement and relevant PCP sources are distinct between sexes. Male and female variation in exposure history may explain differences in reactivity to some allergen groups.",2021,Journal of the American Academy of Dermatology,formaldehyde_releasers,immune system,skin sensitization,soap,unspecified,cosmetics product study | hair product study | clinical/hospital study | epidemiological study,yes,"This study characterizes and compares the causes of contact dermatitis in males and females related to personal care products, which can contain chemical toxicants."
32287282,Patch test results in paediatric patients with atopic dermatitis in Laos.,"Dermatological services in Laos, South East Asia are limited mainly to the capital and patch testing is currently not available, so no data exists regarding the common cutaneous allergens in this population. The aim of this study was to document common allergens in paediatric patients with atopic dermatitis attending the allergy clinic in the capital, Vientiane. Fifty paediatric patients with atopic dermatitis were patch tested using TRUE Test® panels 1 to 3 (35 allergens). Readings were taken at Days 2 and 4. Twenty-six positive patch tests were recorded on Day 4 in 15 children (30%). The most common allergens were: gold (18%), nickel (10%), formaldehyde (6%) and p-Phenylenediamine (6%). Other positive allergens were potassium dichromate (2%), cobalt dichloride (2%), Bronopol (2%), paraben mix (2%), fragrance mix 1 (2%) and neomycin (2%). The majority of the patients with positive reactions were female. This study represents the first documented patch test results in the Lao population. It is hoped that these findings will help clinicians to advise the families of children with atopic dermatitis on common allergens to avoid and inform future work on contact dermatitis in this population.",2020,PloS one,formaldehyde_releasers,skin | immune system,skin sensitization,unspecified,unspecified,clinical/hospital study,no,"This paper focuses on patch test results in pediatric patients with atopic dermatitis in Laos, which is not directly related to the health effects of chemical toxicants in cosmetic products."
30909033,An insight into toxicity and human-health-related adverse consequences of cosmeceuticals - A review.,"In recent years, the use of cosmeceutical-based personal care and beauty products has ever increased, around the world. Currently, an increasing number of compounds are being assimilated in the formulation of cosmetic products as preservatives, fragrances, surfactants, etc. to intensify the performance, quality, value, and lifespan of cosmetics. Nevertheless, many of these chemical additives pose toxic effects to the human body, exhibiting health risks from a mild hypersensitivity to life-threatening anaphylaxis or lethal intoxication. Therefore, the indiscriminate application of cosmeceuticals has recently become a mounting issue confronting public health. The present review focuses on exposure to a large variety of toxic substances used in cosmetic formulations such as 1,4-dioxane formaldehyde, paraformaldehyde, benzalkonium chloride, imidazolidinyl urea, diazolidinyl urea, trace heavy metals, parabens derivatives, phthalates, isothiazolinone derivatives (methylchloroiso-thiazolinone, and methylisothiazolinone), methyldibromo glutaronitrile, and phenoxy-ethanol. The biological risks related to these substances that they can pose to human health in terms of cytotoxicity, genotoxicity, mutagenicity, neurotoxicity oestrogenicity or others are also discussed. Researchers from academia, consultancy firms, governmental organizations, and cosmetic companies should carry out further progress to keep updating the consumers regarding the dark-sides, and health-related harmful apprehensions of cosmetics. In addition, the industry-motivated initiatives to abate environmental impact through green, sustainable and eco-friendly product development grasp significant perspective.",2019,The Science of the total environment,formaldehyde_releasers,brain,endocrine disruption | neurotoxicity | genotoxicity,unspecified,unspecified,cosmetics product study,yes,"The paper discusses the toxic effects of chemical additives in cosmetic products, which is directly related to the study's focus on health effects of chemical toxicants in cosmetic products."
30590494,Potential for repurposing the personal care product preservatives bronopol and bronidox as broad-spectrum antibiofilm agents for topical application.,"Bacterial biofilms represent a major impediment to healing in chronic wounds and are largely refractory to the antibacterial agents currently used in wound management. From a repurposing screen of compounds considered safe for topical application in humans, we report the identification of the personal care product preservatives bronopol and bronidox as broad-spectrum antibiofilm agents and potential candidates for reducing biofilm burden in chronic wounds. Antibiofilm activity was assessed by viable counting against single-species biofilms of Staphylococcus aureus and Pseudomonas aeruginosa in the Calgary Biofilm Device, and against mixed-species biofilms of the two organisms growing on nitrocellulose discs. Bronopol and bronidox exhibited broad-spectrum antibiofilm activity that encompassed the two major wound pathogens, S. aureus and P. aeruginosa. When impregnated into gauze dressings at their existing maximum authorized concentrations for safe use and placed onto an established mixed-species biofilm, bronopol and bronidox completely eradicated P. aeruginosa and achieved an ∼5 log10 reduction in the S. aureus population. The antibiofilm action of bronopol and bronidox was attributed to their ability to kill slow- or non-growing bacteria found in biofilms, and both compounds exhibited synergistic antibiofilm effects in combination with established wound-treatment agents. Bronopol and bronidox kill bacteria regardless of growth state, a property that endows them with broad-spectrum antibiofilm activity. As this effect is observed at concentrations authorized for use on human skin, these compounds represent promising candidates for the treatment of chronic wounds.",2019,The Journal of antimicrobial chemotherapy,formaldehyde_releasers,skin,unspecified,unspecified,unspecified,cosmetics product study | skin/topical study,no,"The paper focuses on the antibiofilm activity of preservatives in wound management, which is not directly related to the health effects of chemical toxicants in cosmetic products."
30422883,"Trends in Patch Testing With the Mayo Clinic Standard Series, 2011-2015.","Patch testing to a standard (baseline) series of allergens is the screening tool used to identify culprit allergens in patients with contact dermatitis. The allergens and concentrations used in a standard series are constantly evolving to be most relevant to the patients being patch tested. The aim of this study was to analyze the 2011-2015 patch test results of the Mayo Clinic standard series. We retrospectively reviewed patch test reactions of standard series allergens from 2011 through 2015 and compared these results with the 2011-2012 and 2013-2014 North American Contact Dermatitis Group (NACDG) reports. Of 2582 patients included, 1566 (60.7%) had at least 1 positive reaction, and 516 (20.0%) had at least 1 irritant reaction. The 15 allergens with the highest reaction rates (from highest to lowest) were nickel sulfate hexahydrate, methylisothiazolinone, Myroxylon pereirae resin, neomycin sulfate, cobalt (II) chloride hexahydrate, benzalkonium chloride, fragrance mix I, potassium dichromate, bacitracin, methylchloroisothiazolinone/methylisothiazolinone, carba mix, formaldehyde, p-phenylenediamine, quaternium-15, and methyldibromo glutaronitrile. Twelve (80%) of these allergens were also in the top 15 of the most recent NACDG report; the 3 allergens not in the NACDG top 15 allergens were potassium dichromate, benzalkonium chloride, and methyldibromo glutaronitrile (the latter 2 allergens are not included in their series).",2018,"Dermatitis : contact, atopic, occupational, drug",formaldehyde_releasers,immune system,skin sensitization,unspecified,unspecified,clinical/hospital study,no,"The paper analyzes patch test results for contact dermatitis, which is a skin reaction, but does not specifically address the health effects of chemical toxicants in cosmetic products."
30145645,Contact Dermatitis to Medications and Skin Products.,"Consumer products and topical medications today contain many allergens that can cause a reaction on the skin known as allergic contact dermatitis. This review looks at various allergens in these products and reports current allergic contact dermatitis incidence and trends in North America, Europe, and Asia. First, medication contact allergy to corticosteroids will be discussed along with its five structural classes (A, B, C, D1, D2) and their steroid test compounds (tixocortol-21-pivalate, triamcinolone acetonide, budesonide, clobetasol-17-propionate, hydrocortisone-17-butyrate). Cross-reactivities between the steroid classes will also be examined. Next, estrogen and testosterone transdermal therapeutic systems, local anesthetic (benzocaine, lidocaine, pramoxine, dyclonine) antihistamines (piperazine, ethanolamine, propylamine, phenothiazine, piperidine, and pyrrolidine), topical antibiotics (neomycin, spectinomycin, bacitracin, mupirocin), and sunscreen are evaluated for their potential to cause contact dermatitis and cross-reactivities. Finally, we examine the ingredients in the excipients of these products, such as the formaldehyde releasers (quaternium-15, 2-bromo-2-nitropropane-1,3 diol, diazolidinyl urea, imidazolidinyl urea, DMDM hydantoin), the non-formaldehyde releasers (isothiazolinones, parabens, methyldibromo glutaronitrile, iodopropynyl butylcarbamate, and thimerosal), fragrance mixes, and Myroxylon pereirae (Balsam of Peru) for contact allergy incidence and prevalence. Furthermore, strategies, recommendations, and two online tools (SkinSAFE and the Contact Allergen Management Program) on how to avoid these allergens in commercial skin care products will be discussed at the end.",2019,Clinical reviews in allergy & immunology,formaldehyde_releasers,skin | immune system,skin sensitization,sunscreen,unspecified,sunscreen/UV filter study | skin/topical study | clinical/hospital study | epidemiological study,yes,"The paper discusses the allergens in skin products and medications that can cause contact dermatitis, which is related to the study's focus on health effects of chemical toxicants in cosmetic products."
30062513,GDME-based methodology for the determination of free formaldehyde in cosmetics and hygiene products containing formaldehyde releasers.,"Formaldehyde is often applied in the industrial production of different products, such as textiles, insulation materials, or cosmetics, due to its preservative and disinfectant properties. However, formaldehyde is classified by the International Agency for Research on Cancer as carcinogenic, and there are numerous studies about the pernicious health effects that frequent exposure to formaldehyde can pose to human health. In the cosmetic industry, compounds called formaldehyde releasers are added during production, with the intent of releasing small amounts of formaldehyde over time. Although there are many methods available for the determination of formaldehyde, they are usually not suitable for the determination of free formaldehyde in cosmetics with formaldehyde releasers in their composition, as they can promote the accelerated release of formaldehyde. In this work, the gas-diffusion microextraction (GDME) technique was used for the extraction of formaldehyde from cosmetic and personal hygiene products. Acetylacetone was used as the derivatization reagent which was later used for the spectrophotometric determination of formaldehyde. The developed methodology exhibits limits of detection (1.98 mg kg<sup>-1</sup>) and quantification (6.60 mg kg<sup>-1</sup>) perfectly adequate for the determination of formaldehyde in these samples. Formaldehyde values between 6.9 ± 0.3 and 365 ± 15 mg kg<sup>-1</sup> were found in samples containing the formaldehyde releasers DMDM hydantoin, Diazolidinyl urea, and Bronopol. Furthermore, mass spectrometry studies were performed in order to unbiasedly ensure the presence of formaldehyde in every extract. GDME proved to be an economical, simple, and robust alternative for the extraction of free formaldehyde in personal hygiene and cosmetic samples. Graphical abstract ᅟ.",2018,Analytical and bioanalytical chemistry,formaldehyde_releasers,unspecified,carcinogenicity,unspecified,unspecified,cosmetics product study | industrial/occupational | analytical/method study,yes,"The paper discusses the determination of free formaldehyde in cosmetics, which is a chemical toxicant of concern in the study."
29478830,Determination of free formaldehyde in cosmetics containing formaldehyde-releasing preservatives by reversed-phase dispersive liquid-liquid microextraction and liquid chromatography with post-column derivatization.,"An analytical method for the determination of traces of formaldehyde in cosmetic products containing formaldehyde-releasing preservatives has been developed. The method is based on reversed-phase dispersive liquid-liquid microextraction (RP-DLLME), that allows the extraction of highly polar compounds, followed by liquid chromatography-ultraviolet/visible (LC-UV/vis) determination with post-column derivatization. The variables involved in the RP-DLLME process were studied to provide the best enrichment factors. Under the selected conditions, a mixture of 500 μL of acetonitrile (disperser solvent) and 50 μL of water (extraction solvent) was rapidly injected into 5 mL of toluene sample solution. The extracts were injected into the LC-UV/vis system using phosphate buffer 6 mmol L<sup>-1</sup> at pH 2 as mobile phase. After chromatographic separation, the eluate merged with a flow stream of pentane-2,4-dione in ammonium acetate solution as derivatizing reagent and passed throughout a post-column reactor at 85 °C in order to derivatize formaldehyde into 3,5-diacetyl-1,4-dihydrolutidine, according to Hantzsch reaction, which was finally measured spectrophotometrically at 407 nm. The method was successfully validated showing good linearity, an enrichment factor of 86 ± 2, limits of detection and quantification of 0.7 and 2.3 ng mL<sup>-1</sup>, respectively, and good repeatability (RSD < 9.2%). Finally, the proposed analytical method was applied to the determination of formaldehyde in different commercial cosmetic samples containing formaldehyde-releasing preservatives, such as bronopol, diazolidinyl urea, imidazolidinyl urea, and DMDM hydantoin, with good relative recovery values (91-113%) thus showing that matrix effects were negligible. The good analytical features of the proposed method besides of its simplicity and affordability, make it useful to carry out the quality control of cosmetic products containing formaldehyde-releasing preservatives.",2018,Journal of chromatography. A,formaldehyde_releasers,unspecified,unspecified,unspecified,unspecified,cosmetics product study | analytical/method study,yes,"This paper is relevant because it discusses the determination of formaldehyde in cosmetic products, a chemical toxicant of concern."
29256904,Contact Dermatitis Associated With Skin Cleansers: Retrospective Analysis of North American Contact Dermatitis Group Data 2000-2014.,"There is limited information regarding contact dermatitis (CD) associated with skin cleansers (SCs). The aim of the study was to evaluate the prevalence of allergic patch test (APT) reactions and irritant CD (ICD) associated with SCs. A retrospective cross-sectional analysis was performed using North American Contact Dermatitis Group data, 2000-2014. Of 32,945 tested patients, 1069 (3.24%) had either APT reaction or ICD associated with SCs. Of these, 692 (64.7%) had APT reaction only, 350 (32.7%) had ICD only, and 27 (2.5%) had both. Individuals with APT reaction and/or ICD were more likely to have occupationally related skin disease (relative risk [RR] = 3.8 [95% confidence interval {CI} = 3.3-4.5] for APT reaction and 10.0 [95% CI = 8.2-12.2] for ICD, respectively, P < 0.0001). As compared with those without APT reaction to SC, individuals with APT reaction had significantly higher frequencies of hand (RR = 2.4 [95% CI = 2.1-2.7]) and arm dermatitis (RR = 1.3 [95% CI = 1.1-1.6], P ≤ 0.001). Irritant CD was strongly associated with hand dermatitis (RR = 6.2 [95% CI = 5.2-7.3], P < 0.0001). More than 50 allergens were associated with SCs including quaternium-15 (11.2%), cocamidopropyl betaine (9.5%), methylchloroisothiazolinone/methylisothiazolinone (8.4%), coconut diethanolamide (7.9%), fragrance mix I (7.7%), Myroxylon pereirae (5.9%), 4-chloro-3,5-xylenol (5.8%), amidoamine (5.5%), and formaldehyde (4.4%). Many allergens, especially preservatives and surfactants, were associated with SCs. Most cases involved the hands and were occupationally related.",2018,"Dermatitis : contact, atopic, occupational, drug",formaldehyde_releasers,skin | immune system,skin sensitization,unspecified,unspecified,clinical/hospital study | epidemiological study | industrial/occupational,yes,"This paper is relevant because it investigates the health effects of skin cleansers, which are a type of cosmetic product."
29194657,A proposal to create an extension to the European baseline series.,"The current European baseline series consists of 30 allergens, and was last updated in 2015. To use data from the European Surveillance System on Contact Allergies (ESSCA) to propose an extension to the European baseline series in response to changes in environmental exposures. Data from departmental and national extensions to the baseline series, together with some temporary additions from departments contributing to the ESSCA, were collated during 2013-2014. In total, 31689 patients were patch tested in 46 European departments. Many departments and national groups already consider the current European baseline series to be a suboptimal screen, and use their own extensions to it. The haptens tested are heterogeneous, although there are some consistent themes. Potential haptens to include in an extension to the European baseline series comprise sodium metabisulfite, formaldehyde-releasing preservatives, additional markers of fragrance allergy, propolis, Compositae mix, and 2-hydroxyethyl methacrylate. In combination with other published work from the ESSCA, changes to the current European baseline series are proposed for discussion. As well as addition of the allergens listed above, it is suggested that primin and clioquinol should be deleted from the series, owing to reduced environmental exposure.",2018,Contact dermatitis,formaldehyde_releasers,immune system,skin sensitization,unspecified,unspecified,clinical/hospital study,no,"This paper is not directly relevant because it proposes an extension to the European baseline series for contact allergens, but does not specifically address the health effects of chemical toxicants in cosmetic products."
29139375,"Kitty Litter Dermatitis from-Bromo-2-Nitropropane-1,3-Diol.","70-year-old white man presented with a 6-week history of an acute pruritic eruption in the axillary vaults, inguinal folds, and central lumbar area. Due to the severity of the pruritus, the patient was evaluated in the emergency department. He was treated with intramuscular triamcinolone, oral fluconazole, clobetasol cream, and miconazole powder, which provided only minimal relief. The patient had presented with brightly erythematous patches in the axillary vaults and inguinal folds with numerous erythematous, scaly, coalescing papules and plaques agminated on the lumbar region (Figure). Due to persistence, despite topical corticosteroids, an allergic contact dermatitis was suspected so patch-testing using the T.R.U.E. Test (SMARTPractice Denmark ApS, Hillerod, Denmark) epicutaneous system was conducted. Results were positive for 5-chloro-2-methyl-4-isothazolinone (panel 2.1, #17), budesonide (panel 3.1, #30), and 2-bromo-2-nitropropane-1,3-diol, also known as bronopol (panel 3.1, #36). The patient's topical medications were adjusted based on these results, and he was advised to avoid any products containing these contactants.",2017,Skinmed,formaldehyde_releasers,skin | blood | immune system,skin sensitization,unspecified,unspecified,skin/topical study | clinical/hospital study,no,"This paper is not directly relevant because it describes a case of dermatitis caused by kitty litter, which is not a cosmetic product."
28338537,Allergenic Ingredients in Personal Hygiene Wet Wipes.,"Wet wipes are a significant allergen source for anogenital allergic contact dermatitis. The aim of the study was to calculate the frequency of potentially allergenic ingredients in personal hygiene wet wipes. Ingredient lists from brand name and generic personal hygiene wet wipes from 4 large retailers were compiled. In the 54 personal hygiene wet wipes evaluated, a total of 132 ingredients were identified (average of 11.9 ingredients per wipe). The most common ingredients were Aloe barbadensis (77.8%), citric acid (77.8%), fragrance (72.2%), sorbic acid derivatives (63.0%), tocopherol derivatives (63.0%), glycerin (59.3%), phenoxyethanol (55.6%), disodium cocoamphodiacetate (53.7%), disodium ethylenediaminetetraacetic acid (EDTA) (42.6%), propylene glycol (42.6%), iodopropynyl butylcarbamate (40.7%), chamomile extracts (38.9%), sodium benzoate (35.2%), bronopol (22.2%), sodium citrate (22.2%), lanolin derivatives (20.4%), parabens (20.4%), polyethylene glycol derivatives (18.5%), disodium phosphate (16.7%), dimethylol dimethyl hydantoin (DMDM) (14.8%), and cocamidopropyl propylene glycol (PG)-dimonium chloride phosphate (11.1%). Of note, methylisothiazolinone (5.6%) was uncommon; methylchloroisothiazolinone was not identified in the personal hygiene wet wipes examined. There are many potential allergens in personal hygiene wet wipes, especially fragrance and preservatives.",2017,"Dermatitis : contact, atopic, occupational, drug",formaldehyde_releasers,immune system,skin sensitization,unspecified,glycerin | vitamin E | aloe vera | lanolin | propylene glycol | phenoxyethanol | citric acid,unclassified,yes,"This paper is relevant because it investigates the presence of allergenic ingredients in personal hygiene wet wipes, a type of cosmetic product."
28002231,Wet Wipe Allergens: Retrospective Analysis From the North American Contact Dermatitis Group 2011-2014.,"Although there are several case reports of wet wipe-associated contact dermatitis, the prevalence of wipes as a source of allergic contact dermatitis in larger populations and the responsible allergens are largely unknown. The aim of the study was to determine the prevalence of wet wipes as a source of contact allergy and the most commonly associated allergens in a North American tertiary referral patch test population. Data collected from 2011 to 2014 by the North American Contact Dermatitis Group was used to conduct a retrospective cross-sectional analysis of patient demographics and patch test results associated with the triple-digit source code for ""wet wipe."" Of the 9037 patients patch tested during the study period, 79 (0.9%) had a positive patch test reaction to an allergen identified with a wet wipe source. The most commonly associated allergens were preservatives, including the following: methylisothiazolinone (MI) (59.0%), methylchloroisothiazolinone (MCI)/MI (35.6%), bronopol (2-bromo-2-nitropropane-1,3-diol) (27.4%), and iodopropynyl butylcarbamate (12.3%). Fragrance (combined) represented 12.3%. Anal/genital dermatitis was 15 times more likely (P < 0.0001) in those with wet wipe allergy. More than 92% of patients with wipe-associated contact allergy had their contact allergens detected by the North American Contact Dermatitis Group screening series. Wet wipes are an important source of contact allergy. Preservatives are the main allergens, especially isothiazolinones.",2017,"Dermatitis : contact, atopic, occupational, drug",formaldehyde_releasers,immune system,skin sensitization,unspecified,unspecified,clinical/hospital study | epidemiological study,no,"This paper focuses on contact dermatitis caused by wet wipes, which is not directly related to the health effects of chemical toxicants in cosmetic products."
26799537,Cosmetic preservative labelling on the Thai market.,"Preservatives are added to cosmetics and other consumer products to prevent microbial growth and product degradation. Many cosmetic preservatives are skin sensitizers and frequent causes of contact dermatitis. The use of preservatives may vary by country and/or region, according to legislation, and may be reflected in differences in the prevalence rates of preservative allergy worldwide. To examine the type and frequency of preservative use in cosmetics sold in Thai markets in metropolitan Bangkok, Thailand. Preservatives contained in 1000 different cosmetics sold in Thai markets were documented and analysed, based on the labelling of ingredients. Most of the cosmetic and skincare products sold in Thai markets were international brands, with only a small proportion of cosmetic products being produced in Thailand. International brand cosmetics were more likely to contain non-formaldehyde-releasing preservatives than domestically produced brands. Isothiazolinone-based preservatives, which are responsible for the current increase in the prevalence of contact allergy, were found at a significant frequency in domestically produced, leave-on cosmetic products. Preservatives in cosmetics were significantly different according to source of production and type of cosmetics.",2016,Contact dermatitis,formaldehyde_releasers,skin | immune system,skin sensitization,unspecified,unspecified,cosmetics product study | epidemiological study,yes,"This paper examines the use of preservatives in cosmetics, which are known skin sensitizers and frequent causes of contact dermatitis, making it relevant to the health effects of chemical toxicants in cosmetic products."
26781108,Vortex-assisted emulsification semimicroextraction for the analytical control of restricted ingredients in cosmetic products: determination of bronopol by liquid chromatography.,"Vortex-assisted emulsification semimicroextraction is proposed as a one-step solution-extraction procedure for sample preparation in cosmetic products. The procedure allows rapid preparation based on dispersion of the sample in a mixture of 1 mL of n-hexane and 0.5 mL of ethanol, followed by the addition of 0.5 mL of water and centrifugation to obtain two separated phases. This procedure provides good sample clean-up with minimum dilution and is very useful for the determination of ingredients with restricted concentrations, such as bronopol. The procedure was applied to the determination of bronopol by liquid chromatography with UV detection. The best chromatographic separation was obtained by using a C18 column set at 40 °C and performing a stepwise elution with a mixture of ethanol/aqueous 1 % acetic acid solution as mobile phase pumped at 0.5 mL min(-1). The detection wavelength was set at 250 nm and the total run time required was 12 min. The method was successfully applied to 18 commercial cosmetic samples including creams, shampoos, and bath gels. Good recoveries and repeatability were obtained, with a limit of detection of 0.9 μg mL(-1), which makes the method suitable for the analytical control of cosmetic products. Moreover, it could be considered environmentally friendly, because water, ethanol, and only a low volume of n-hexane are used as solvents.",2016,Analytical and bioanalytical chemistry,formaldehyde_releasers,unspecified,unspecified,shampoo | body wash,unspecified,cosmetics product study | hair product study | skin/topical study | analytical/method study,yes,"This paper discusses the analytical control of restricted ingredients in cosmetic products, including the determination of bronopol, a preservative that has been linked to health concerns."
26696132,Formaldehyde in cosmetics in patch tested dermatitis patients with and without contact allergy to formaldehyde.,"Formaldehyde is a well-known contact sensitizer. Formaldehyde releasers are widely used preservatives in cosmetics. To survey the release of formaldehyde in cosmetics brought by patients investigated because of suspected allergic contact dermatitis, to compare it with information given by the manufacturers on the packages, and to investigate whether formaldehyde-allergic patients are potentially exposed to more cosmetics releasing formaldehyde than dermatitis patients without contact allergy to formaldehyde. Cosmetics from 10 formaldehyde-allergic and 30 non-allergic patients (controls) matched for age and sex were investigated with the chromotropic acid spot test, which is a semiquantitative method measuring the release of formaldehyde. Formaldehyde was found in 58 of 245 (23.7%) products. Twenty-six of 126 (20.6%) leave-on products released formaldehyde, and 17 of 26 (65.4%) of these were not declared to contain formaldehyde or formaldehyde releasers. Among the rinse-off products, there were 32 of 119 (26.8%) formaldehyde-releasing products, and nine of 32 (28.0%) of these were not labelled as containing formaldehyde or formaldehyde releasers. Five of 10 formaldehyde-allergic patients brought leave-on products with ≥ 40 ppm formaldehyde, as compared with 4 of 30 in the control group (p = 0.029). Cosmetic products used by formaldehyde-allergic patients that are not declared to contain formaldehyde or formaldehyde-releasing preservatives should be analysed.",2016,Contact dermatitis,formaldehyde_releasers,immune system,skin sensitization,unspecified,unspecified,cosmetics product study | clinical/hospital study | epidemiological study,yes,"This paper investigates the release of formaldehyde in cosmetics and its potential health effects, making it directly relevant to the health effects of chemical toxicants in cosmetic products."
26517141,Design Space Approach for Preservative System Optimization of an Anti-Aging Eye Fluid Emulsion.,"The use of preservatives must be optimized in order to ensure the efficacy of an antimicrobial system as well as the product safety. Despite the wide variety of preservatives, the synergistic or antagonistic effects of their combinations are not well established and it is still an issue in the development of pharmaceutical and cosmetic products. The purpose of this paper was to establish a space design using a simplex-centroid approach to achieve the lowest effective concentration of 3 preservatives (methylparaben, propylparaben, and imidazolidinyl urea) and EDTA for an emulsion cosmetic product. Twenty-two formulae of emulsion differing only by imidazolidinyl urea (A: 0.00 to 0.30% w/w), methylparaben (B: 0.00 to 0.20% w/w), propylparaben (C: 0.00 to 0.10% w/w) and EDTA (D: 0.00 to 0.10% w/w) concentrations were prepared. They were tested alone and in binary, ternary and quaternary combinations. Aliquots of these formulae were inoculated with several microorganisms. An electrochemical method was used to determine microbial burden immediately after inoculation and after 2, 4, 8, 12, 24, 48, and 168 h. An optimization strategy was used to obtain the concentrations of preservatives and EDTA resulting in a most effective preservative system of all microorganisms simultaneously. The use of preservatives and EDTA in combination has the advantage of exhibiting a potential synergistic effect against a wider spectrum of microorganisms. Based on graphic and optimization strategies, we proposed a new formula containing a quaternary combination (A: 55%; B: 30%; C: 5% and D: 10% w/w), which complies with the specification of a conventional challenge test. A design space approach was successfully employed in the optimization of concentrations of preservatives and EDTA in an emulsion cosmetic product.",2015,"Journal of pharmacy & pharmaceutical sciences : a publication of the Canadian Society for Pharmaceutical Sciences, Societe canadienne des sciences pharmaceutiques",formaldehyde_releasers,eye,unspecified,unspecified,unspecified,cosmetics product study,yes,"This paper explores the optimization of preservative systems in cosmetic products, which is relevant to the health effects of chemical toxicants in cosmetic products, particularly in terms of ensuring product safety."
26480304,Skincare products containing low concentrations of formaldehyde detected by the chromotropic acid method cannot be safely used in formaldehyde-allergic patients.,"Formaldehyde is a well-known contact sensitizer. Formaldehyde releasers are widely used preservatives in skincare products. It has been found that formaldehyde at concentrations allowed by the European Cosmetics Directive can cause allergic contact dermatitis. However, we still lack information on whether formaldehyde at low concentrations affects dermatitis in formaldehyde-allergic individuals. To study the effects of low concentrations of formaldehyde on irritant contact dermatitis in formaldehyde-allergic individuals. Fifteen formaldehyde-allergic individuals and a control group of 12 individuals without contact allergy to formaldehyde and formaldehyde releasers were included in the study. The individuals performed the repeated open application test (ROAT) during 4 weeks with four different moisturizers releasing formaldehyde in concentrations that had been determined as > 40, 20-40, 2·5-10 and 0 p.p.m. by the chromotropic acid (CA) spot test. Dimethyloldimethylhydantoin was used as a formaldehyde releaser in the moisturizers. The ROAT was performed on areas of experimentally induced sodium lauryl sulfate dermatitis. The study was double blind, controlled and randomized. Nine of the 15 formaldehyde-allergic individuals had reappearance or worsening of dermatitis on the areas that were treated with moisturizers containing formaldehyde. No such reactions were observed in the control group (P < 0·001) or for the moisturizers without formaldehyde in the formaldehyde-allergic individuals (P < 0·001). Our results demonstrate that the low concentrations of formaldehyde often found in skincare products by the CA method are sufficient to worsen an existing dermatitis in formaldehyde-allergic individuals.",2016,The British journal of dermatology,formaldehyde_releasers,skin | immune system,skin sensitization,moisturizer,Sodium Lauryl Sulfate / Sodium Laureth Sulfate,cosmetics product study | skin/topical study | clinical/hospital study,yes,"This paper investigates the effects of low concentrations of formaldehyde on irritant contact dermatitis in formaldehyde-allergic individuals, which is relevant to the health effects of chemical toxicants in cosmetic products."
26206148,Human Cumulative Irritation Tests of Common Preservatives Used in Personal Care Products: A Retrospective Analysis of Over 45 000 Subjects.,"The cumulative irritation test (CIT) is an accepted method used to evaluate the skin irritation potential and safety of individual ingredients and formulas of leave-on skin care and cosmetic compounds. Here, we report the results of CITs collected by JOHNSON & JOHNSON Consumer Companies, Inc. (Skillman, NJ), part of an extensive tiered program to evaluate product safety. In the CIT, test formulations were applied to the skin of adults (18-70 years) with no known skin disease or allergies, 3 times per week for 2 weeks using semi-occlusive clinical patches. Preservatives were 1 of up to 16 components of test formulas, and included ethylenediaminetetraacetic acid, diazolidinyl urea, 1,3-Bis(hydroxymethyl)-5,5-dimethylimidazolidine-2,4-dione, parabens, isothiazolinone, phenoxyethanol, sorbates, or benzoates. Skin sites were scored after each patch removal using a 5-point scale, with 0 = no visible reaction and 4 = erythema, marked edema, or substantial vesiculation. Scores were reported as percentage of maximal irritation score. Data were analyzed from 1363 CIT studies (over 45 000 subjects). There were no significant differences in percentage of maximal scores between formulas grouped by preservative types (p > .1). Median score across the entire dataset was 0.44, with most formulas showing none or mild irritation. Although seasonal variations were observed, no correlation was noted between score and preservative concentration. In conclusion, in a large, normal subject dataset, preservatives at typical in-use concentrations did not appear to contribute to skin irritation.",2015,Toxicological sciences : an official journal of the Society of Toxicology,formaldehyde_releasers,skin | immune system,unspecified,unspecified,phenoxyethanol,cosmetics product study,yes,"This paper reports the results of cumulative irritation tests on common preservatives used in personal care products, providing valuable information on the skin irritation potential and safety of these ingredients."
28352713,Formaldehyde may be found in cosmetic products even when unlabelled.,"Concomitant contact allergy to formaldehyde and formaldehyde-releasers remains common among patients with allergic contact dermatitis. Concentration of free formaldehyde in cosmetic products within allowed limits have been shown to induce dermatitis from short-term use on normal skin. The aim of this study was to investigate the formaldehyde content of cosmetic products made in Lithuania. 42 samples were analysed with the chromotropic acid (CA) method for semi-quantitative formaldehyde determination. These included 24 leave-on (e.g., creams, lotions) and 18 rinse-off (e.g., shampoos, soaps) products. Formaldehyde releasers were declared on the labels of 10 products. No formaldehyde releaser was declared on the label of the only face cream investigated, but levels of free formaldehyde with the CA method was >40 mg/ml and when analysed with a high-performance liquid chromatographic method - 532 ppm. According to the EU Cosmetic directive, if the concentration of formaldehyde is above 0.05% a cosmetic product must be labelled ""contains formaldehyde"". It could be difficult for patients allergic to formaldehyde to avoid contact with products containing it as its presence cannot be determined from the ingredient labelling with certainty. The CA method is a simple and reliable method for detecting formaldehyde presence in cosmetic products.",2015,"Open medicine (Warsaw, Poland)",formaldehyde_releasers,skin | immune system,skin sensitization,moisturizer | shampoo | soap,unspecified,cosmetics product study | hair product study | skin/topical study | clinical/hospital study | analytical/method study,yes,"This study investigates the formaldehyde content of cosmetic products, which is relevant to the health effects of chemical toxicants in cosmetic products, particularly for individuals with formaldehyde allergies."
25704726,Investigation on formaldehyde release from preservatives in cosmetics.,"To understand formaldehyde residue in cosmetics, an investigation on formaldehyde release from eight preservatives (methenamine - MA, paraformaldehyde - PF, poly(p-toluenesulfonamide-co-formaldehyde) -PTSAF, quaternium-15 - QU, imidazolidinyl urea - IU, diazolidinyl urea - DU, dimethyloldimethyl hydantoin - DMDM and bronopol - BP) under various conditions was performed. The concentration of released formaldehyde was determined by high-performance liquid chromatography with photodiode array detection after derivatization with 2,4-dinitrophenylhydrazine. The amounts of formaldehyde release were in the order of PF > DU > DMDM ≈ QU ≈ IU > MA > BP > PTSAF. The releasing amounts of formaldehyde were the highest in the presence of aqueous matrices for the releasers except QU and IU, and the releasing effect was also relative to pH. More formaldehyde was released with longer storage time and higher temperature. Furthermore, all preservatives in cosmetic matrices released fewer amounts of formaldehyde than in pure aqueous or organic matrices, and the formaldehyde-releasing amounts were also cosmetic specific. Formaldehyde release was dependent on the matrix, pH, time and mainly temperature, and the releasing effect was also cosmetic specific.",2015,International journal of cosmetic science,formaldehyde_releasers,unspecified,unspecified,unspecified,unspecified,cosmetics product study | analytical/method study,yes,This investigation on formaldehyde release from preservatives in cosmetics provides important information on the potential health risks associated with these ingredients in cosmetic products.
25585550,Personal care product preservatives: risk assessment and mixture toxicities with an industrial wastewater.,"The aquatic toxicity of eight preservatives frequently used in personal care products (PCPs) (iodopropynyl butylcarbamate, bronopol, diazolidinyl urea, benzalkonium chloride, zinc pyrithione, propylparaben, triclosan and a mixture of methylchloroisothiazolinone and methylisothiazolinone) was assessed by means of two different approaches: a battery of bioassays composed of single species tests of bacteria (Vibrio fischeri and Pseudomonas putida) and protozoa (Tetrahymena thermophila), and a whole biological community resazurin-based assay using activated sludge. The tested preservatives showed considerable toxicity in the studied bioassays, but with a marked difference in potency. In fact, all biocides except propylparaben and diazolidinyl urea had EC50 values lower than 1 mg L(-1) in at least one assay. Risk quotients for zinc pyrithione, benzalkonium chloride, iodopropynyl butylcarbamate and triclosan as well as the mixture of the studied preservatives exceeded 1, indicating a potential risk for the process performance and efficiency of municipal sewage treatment plants (STPs). These four single biocides explained more than 95% of the preservative mixture risk in all bioassays. Each individual preservative was also tested in combination with an industrial wastewater (IWW) from a cosmetics manufacturing facility. The toxicity assessment was performed on binary mixtures (preservative + IWW) and carried out using the median-effect principle, which is a special case of the concept of Concentration Addition (CA). Almost 70% of all experiments resulted in EC50 values within a factor of 2 of the values predicted by the median-effect principle (CI values between 0.5 and 2). The rest of the mixtures whose toxicity was mispredicted by CA were assessed with the alternative concept of Independent Action (IA), which showed higher predictive power for the biological community assay. Therefore, the concept used to accurately predict the toxicity of mixtures of a preservative with a complex industrial wastewater depends on degree of biological complexity.",2015,Water research,formaldehyde_releasers,unspecified,unspecified,unspecified,unspecified,cosmetics product study | industrial/occupational | environmental contamination,yes,"This study assesses the aquatic toxicity of preservatives used in personal care products, which is relevant to the broader context of chemical toxicants in cosmetic products and their potential environmental impacts."
25581671,North American contact dermatitis group patch test results: 2011-2012.,"Patch testing is an important diagnostic tool for assessment of allergic contact dermatitis (ACD). This study documents the North American Contact Dermatitis Group (NACDG) patch-testing results from January 1, 2011, to December 31, 2012. At 12 centers in North America, patients were tested in a standardized manner with a series of 70 allergens. Data were manually verified and entered into a central database. Descriptive frequencies were calculated, and trends analyzed using χ statistics. Four thousand two hundred thirty-eight patients were tested; of these, 2705 patients (63.8%) had at least 1 positive reaction, and 2029 (48.0%) were ultimately determined to have a primary diagnosis of ACD. Four hundred eight patients (9.6%) had occupationally related skin disease. There were 7532 positive allergic reactions. As compared with previous reporting periods (2009-2010 and 2000-2010), positive reaction rates statistically increased for 6 allergens: methylchloroisothiazolinone/methylisothiazolinone (5.0%; risk ratios [RRs]: 2.01 [1.60-2.52], 1.87 [1.61-2.18]), lanolin alcohol (4.6%; RRs 1.83 [1.45-2.30], 2.10 [1.79-2.47]), cinnamic aldehyde (3.9%; 1.69 [1.32-2.15], 1.53 [1.28-1.82]), glutaral (1.5%; 1.67 [1.13-2.48], 1.31 [1.00-1.71]), paraben mix (1.4%; 1.77 [1.16-2.69], 1.44 [1.09-1.92]), and fragrance mix I (12.1%; RRs 1.42 [1.25-1.61], 1.24 [1.14-1.36]). Compared with the previous decade, positivity rates for all formaldehyde-releasing preservatives significantly decreased (formaldehyde 6.6%; RR, 0.82 [0.73, 0.93]; quaternium-15 6.4% RR 0.75 [0.66, 0.85]; diazolidinyl urea 2.1%; RR, 0.67 [0.54, 0.84]; imidazolidinyl urea 1.6%, 0.60 [0.47, 0.77]; bronopol 1.6%; RR, 0.60 [0.46, 0.77]; DMDM hydantoin 1.6%; RR, 0.59 [0.54, 0.84]). Approximately a quarter of patients had at least 1 relevant allergic reaction to a non-NACDG allergen. In addition, approximately one-fourth to one-third of reactions detected by NACDG allergens would have been hypothetically missed by T.R.U.E. TEST (SmartPractice Denmark, Hillerød, Denmark). These data document the beginning of the epidemic of sensitivity to methylisothiazolinones in North America, which has been well documented in Europe. Patch testing with allergens beyond a standard screening tray is necessary for complete evaluation of occupational and nonoccupational ACD.",2015,"Dermatitis : contact, atopic, occupational, drug",formaldehyde_releasers,skin | immune system,skin sensitization,unspecified,lanolin,clinical/hospital study | industrial/occupational,no,"This paper focuses on patch testing results for allergic contact dermatitis, which is not directly related to the health effects of chemical toxicants in cosmetic products."
25196101,The first Australian Baseline Series: Recommendations for patch testing in suspected contact dermatitis.,"Patch testing is a standard diagnostic tool used in the identification of causative allergens in allergic contact dermatitis. Ongoing surveillance of rates of allergen positivity is vitally important to detect trends and allow comparisons between countries. The objective of this study was to propose the first evidence-based Australian baseline series, based on retrospective review of our patch test data. We aimed to identify the most important and most relevant allergens in our population. We conducted a 10-year (2001-2010) retrospective review of data from the contact dermatitis clinic and the occupational dermatitis clinic from our institution. We patch tested 5281 patients in all. The top 20 allergens with the highest number of relevant positive patch test reactions were: fragrance mix 1: nickel, potassium dichromate, Myroxylon pereirae, formaldehyde, p-phenylenediamine (PPD), thiuram mix, colophony (rosin), dermatophagoides mix, ammonium persulfate, quaternium-15, cobalt chloride, methylchloroisothiazolinone or methylisothiazolinone, diazolidinylurea, epoxy resin, 1,3-dimethylol-5,5-dimethyl hydantoin, Compositae mix, toluenesulfonamide formaldehyde resin, basic red 46 and imidazolidinyl urea. We have elucidated the most frequent and relevant contact allergens in our patient population and used this information to construct the first Australian baseline series.",2015,The Australasian journal of dermatology,formaldehyde_releasers,immune system,skin sensitization,unspecified,unspecified,clinical/hospital study | industrial/occupational,no,"Similar to PAPER 1, this paper focuses on patch testing results for allergic contact dermatitis, which is not directly related to the health effects of chemical toxicants in cosmetic products."
25175339,Preservatives in cosmetics in the Israeli market conform well to the EU legislation.,"Preservatives are important and frequent skin sensitizers, found in a wide range of products for personal and occupational use. According to the European legislation, some cosmetic ingredients are restricted in terms of quantity and a detailed list of ingredients must be present on the product or packaging. To examine the use of preservatives in common cosmetics on the Israeli market. Sixty different Israeli brand cosmetics, including shampoos, liquid soaps, body creams and hand creams were randomly selected. Ingredient labels were examined. The products were investigated by the chromotropic acid method for release of formaldehyde and by high performance liquid chromatography for the presence of formaldehyde, DMDM hydantoin and methylchloroisothiazolinone/methylisothiazolinone (MCI/MI) and MI content. All products but one contained a detailed list of ingredients printed on the package. According to labelling, the most prevalent preservatives in Israeli shampoos and liquid soaps were DMDM hydantoin and MCI/MI. Hand creams and body creams contained mainly parabens but also iodopropynyl butylcarbamate, phenoxyethanol and DMDM hydantoin. Formaldehyde in doses from 4 to 429 ppm, and DMDM hydantoin were detected in 38 and 16 (63% and 27%) of the products, respectively. MCI/MI was detected in 11 (18%) of the products, with highest prevalence in rinse- off products (55%). Excluding one hand cream which measured 106 ppm MI, the amount of formaldehyde, DMDM hydantoin, MCI/MI and MI was within the allowed concentrations by the European directive in all cases. In Israel, adaptation of the European directive prevails, as shown by the measurements we performed on randomly selected products.",2015,Journal of the European Academy of Dermatology and Venereology : JEADV,formaldehyde_releasers,skin,skin sensitization,shampoo | lotion | soap,phenoxyethanol,cosmetics product study | hair product study | skin/topical study | epidemiological study | industrial/occupational | analytical/method study,yes,"This paper examines the use of preservatives in cosmetics, which are a type of chemical toxicant found in personal care products."
24335968,Amended safety assessment of formaldehyde and methylene glycol as used in cosmetics.,"Formaldehyde and methylene glycol may be used safely in cosmetics if established limits are not exceeded and are safe for use in nail hardeners in the present practices of use and concentration, which include instructions to avoid skin contact. In hair-smoothing products, however, in the present practices of use and concentration, formaldehyde and methylene glycol are unsafe. Methylene glycol is continuously converted to formaldehyde, and vice versa, even at equilibrium, which can be easily shifted by heating, drying, and other conditions to increase the amount of formaldehyde. This rapid, reversible formaldehyde/methylene glycol equilibrium is distinguished from the slow, irreversible release of formaldehyde resulting from the so-called formaldehyde releaser preservatives, which are not addressed in this safety assessment (formaldehyde releasers may continue to be safely used in cosmetics at the levels established in their individual Cosmetic Ingredient Review safety assessments).",2013,International journal of toxicology,formaldehyde_releasers,skin,unspecified,unspecified,unspecified,cosmetics product study,yes,"This paper provides a safety assessment of formaldehyde and methylene glycol, two chemical toxicants commonly found in cosmetic products."
23474446,Allergic contact dermatitis of the vulva.,"Allergic contact dermatitis (ACD) of the vulva arises as a primary condition or develops secondary to topical agents. We aimed to describe the incidence of ACD in patients presenting with vulvar symptoms and to identify the allergens of most importance. Using a database of the patch testing results from 3 geographically distinct sites, we identified patients tested to a gynecologic series between 2003 and 2010. Patients had patch testing to the standard European battery and a gynecologic series. Patch testing was in line with accepted universal methods: application on day 1, allergen removal and initial reading on day 3, and final reading on day 5. Ninety patients were included. Thirty-five (39%) had a relevant positive result. The 5 allergens with the highest number of cases with a relevant reaction were natural fragrance mix 2%, balsam of Peru, benzocaine 5%, fragrance mix 8%, and quaternium 15 1%. The most common gynecologic series allergen to cause a relevant reaction was terconazole. Allergic contact dermatitis is a frequent finding in patients presenting with vulvar symptoms. We identified a relevant positive result to patch testing in 39%. We found fragrances, medicaments, and preservatives to be of most relevance.",2013,"Dermatitis : contact, atopic, occupational, drug",formaldehyde_releasers,immune system,skin sensitization,unspecified,unspecified,skin/topical study | clinical/hospital study | epidemiological study,no,"This paper focuses on allergic contact dermatitis of the vulva, which is a specific condition related to skin reactions, but not directly related to the health effects of chemical toxicants in cosmetic products."
23474444,North American Contact Dermatitis Group patch test results: 2009 to 2010.,"Patch testing is an important diagnostic tool for determination of substances responsible for allergic contact dermatitis. This study reports the North American Contact Dermatitis Group (NACDG) patch testing results from January 1, 2009, to December 31, 2010. At 12 centers in North America, patients were tested in a standardized manner with a screening series of 70 allergens. Data were manually verified and entered into a central database. Descriptive frequencies were calculated, and trends were analyzed using χ2 statistics. A total of 4308 patients were tested. Of these, 2614 (60.7%) had at least 1 positive reaction, and 2284 (46.3%) were ultimately determined to have a primary diagnosis of allergic contact dermatitis. Four hundred twenty-seven (9.9%) patients had occupationally related skin disease. There were 6855 positive allergic reactions. As compared with the previous reporting period (2007-2008), the positive reaction rates statistically decreased for 20 allergens (nickel, neomycin, Myroxylon pereirae, cobalt, formaldehyde, quaternium 15, methydibromoglutaronitrile/phenoxyethanol, methylchlorisothiazolinone/methylisothiazolinone, potassium dichromate, diazolidinyl urea, propolis, dimethylol dimethylhydantoin, 2-bromo-2-nitro-1,3-propanediol, methyl methacrylate, ethyl acrylate, glyceryl thioglycolate, dibucaine, amidoamine, clobetasol, and dimethyloldihydroxyethyleneurea; P < 0.05) and statistically increased for 4 allergens (fragrance mix II, iodopropynyl butylcarbamate, propylene glycol, and benzocaine; P < 0.05). Approximately one quarter of tested patients had at least 1 relevant allergic reaction to a non-NACDG allergen. Hypothetically, approximately one quarter of reactions detected by NACDG allergens would have been missed by TRUE TEST (SmartPractice Denmark, Hillerød, Denmark). These results affirm the value of patch testing with many allergens.",2013,"Dermatitis : contact, atopic, occupational, drug",formaldehyde_releasers,skin | immune system,skin sensitization,unspecified,propylene glycol | phenoxyethanol,clinical/hospital study | industrial/occupational,no,"This paper focuses on patch testing results for allergic contact dermatitis, but does not specifically address the health effects of chemical toxicants in cosmetic products."
23350572,The triggering role of allergic contact dermatitis in discoid lupus erythematosus.,"The onset and exacerbations of discoid lupus erythematosus (DLE) can be precipitated by several factors like needling, scratches, trauma, X-rays, heat, cold, pressure, tattooing, scars, allergic and irritant dermatitis and inflammatory dermatoses. To investigate the role of allergic contact dermatitis (ACD) in devolopment and triggering of the lesions of DLE. This study was performed on 30 patients with DLE. European baseline series and cosmetic patch test series were used. At least 1+ reaction was accepted as meaningful. Twenty-three (76.7%) of 30 DLE patients and 16 (40%) of 40 control group patients were allergic to at least one allergen on standard patch test series. The difference between the groups were found statistically significant. Seventeen (56.7%) of 30 DLE patients and 6 (15%) of 40 control group patients were allergic to at least one allergen on cosmetic patch test series. The difference between the groups were statistically significant. The most sensitized allergens in both the groups were nickel sulphate, paraphenylen diamine, potassium dichromate from standard patch test series; quaternium 15, cocamidopropyl betain from cosmetic patch test series, in order. This study is distinctive since it is the first study to determine the eliciting role of ACD on DLE by imposing standard and cosmetic patch test series on DLE and control group patients. Worldwide, there is no study based on this subject. In the DLE group, the results of sensitization on standard and cosmetic patch test series were higher and statistically significant. Larger studies are required to reveal the exact role.",2013,Cutaneous and ocular toxicology,formaldehyde_releasers,blood | immune system,skin sensitization,unspecified,unspecified,cosmetics product study | clinical/hospital study,yes,"This paper investigates the role of allergic contact dermatitis in discoid lupus erythematosus, which can be triggered by chemical toxicants in cosmetic products."
23340394,North American Contact Dermatitis Group patch test results for 2007-2008.,"The North American Contact Dermatitis Group (NACDG) tests patients with suspected allergic contact dermatitis to a broad series of screening allergens and publishes periodic reports. The aims of this study were to report the NACDG patch-testing results from January 1, 2007, to December 31, 2008, and to compare results to pooled test data from the previous 2 and 10 years to analyze trends in allergen sensitivity. Standardized patch testing with 65 allergens was used at 13 centers in North America. χ analysis was used for comparisons. A total of 5085 patients were tested; 11.8% (598) had an occupationally related skin condition, and 65.3% (3319) had at least 1 allergic patch test reaction, which is identical to the NACDG data from 2005 to 2006. The top 15 most frequently positive allergens were nickel sulfate (19.5%), Myroxylon pereirae (11.0%), neomycin (10.1%), fragrance mix I (9.4%), quaternium-15 (8.6%), cobalt chloride (8.4%), bacitracin (7.9%), formaldehyde (7.7%), methyldibromoglutaronitrile/phenoxyethanol (5.5%), p-phenylenediamine (5.3%), propolis (4.9%), carba mix (4.5%), potassium dichromate (4.1%), fragrance mix II (3.6%), and methylchloroisothiazolinone/methylisothiazolinone (3.6%). There were significant increases in positivity rates to nickel, methylchloroisothiazolinone/methylisothiazolinone, and benzophenone-3. During the same period of study, there were significant decreases in positivity rates to neomycin, fragrance mix I, formaldehyde, thiuram mix, cinnamic aldehyde, propylene glycol, epoxy resin, diazolidinyl urea, amidoamine, ethylenediamine, benzocaine, p-tert-butylphenol formaldehyde resin, dimethylol dimethyl hydantoin, cocamidopropyl betaine, glutaraldehyde, mercaptobenzothiazole, tosylamide formaldehyde resin, budesonide, disperse blue 106, mercapto mix, and chloroxylenol. Twenty-four percent (1221) had a relevant positive reaction to a non-NACDG supplementary allergen; and 180 of these reactions were occupationally relevant. Periodic analysis, surveillance, and publication of multicenter study data sets document trends in allergen reactivity incidence assessed in the patch test clinic setting and provide information on new allergens of relevance.",2013,"Dermatitis : contact, atopic, occupational, drug",formaldehyde_releasers,skin | immune system,skin sensitization,unspecified,propylene glycol | phenoxyethanol,clinical/hospital study | epidemiological study | industrial/occupational,no,"Similar to PAPER 1, this paper reports patch testing results for allergic contact dermatitis, but does not specifically address the health effects of chemical toxicants in cosmetic products."
22966535,Cell chip-based monitoring of toxic effects of cosmetic compounds on skin fibroblast cells.,"The present study estimated the efficacy of electrochemical detection of imidazolidinyl urea-induced cell toxicity in skin human fibroblast cells (HFF cells). The gold nanopunct structures were fabricated through a nanoporous alumina mask, and the structural formations were confirmed via scanning electron microscopy. The HFF cells were allowed to attach to RGD (Arg-Gly-Asp) peptide nanopatterned surfaces, and electrochemical tools were applied to skin cells attached to the chip surface. The HFF cells evidenced inflammation responses to allergens such as imidazolidinyl urea. The cells were subsequently treated with different concentrations of imidazolidinyl urea for 24 h in culture, which induced a change in the cyclic voltammetry (CV) current peak. Treatment with imidazolidinyl urea induced a loss of cell viability and accelerated inflammation in a concentration-dependent manner. The expression level of inflammation-related proteins such as IL-1 beta were increased in imidazolidinyl urea-treated cells. The CV results demonstrated that imidazolidinyl urea significantly reduced the current peaks in a dose-dependent manner. The results showed that the current peak was reduced in accordance with the increases in imidazolidinyl urea-induced inflammation. In conclusion, the results of this study suggest that the electrochemical-based chip provides crucial information for improvements to a cell chip system for drug screening applications.",2012,Journal of nanoscience and nanotechnology,formaldehyde_releasers,skin | immune system,unspecified,unspecified,peptides,cosmetics product study,yes,"This paper uses cell chip-based monitoring to assess the toxic effects of cosmetic compounds on skin fibroblast cells, which is relevant to the health effects of chemical toxicants in cosmetic products."
22612984,The impact of the various chemical and physical factors on the degradation rate of bronopol.,"Bronopol (2-bromo-2-nitropropane-1,3-diol) is used as preservative in cosmetic industry. Its main role in commercial products consists in protection of the cosmetic composition stability by inhibiting the development of micro-organisms. Unfortunately, preservatives can also undergo the degradation processes. The aim of examinations was to prove that bronopol decomposes in aqueous solutions and storage conditions have a significance influence on its degradation rate. High-performance liquid chromatography method (methanol/water with hydrochloric acid 5:95 v/v) with spectrophotometric detection (210 nm) was used for examining the decomposition rate of bronopol. The impact of chemical (addition of cosmetics components: citric acid and/or sodium dodecylsulfate) and physical (elevated and ambient temperature, sunlight or ultraviolet radiation and air access) factors has been elaborated. Bronopol decomposes most rapidly (independently on the sample surrounding conditions) when it is in solution with sodium dodecylsulfate, the inverse dependence is observed in the presence of two compounds - citric acid and sodium dodecylsulfate. Additionally, the elevated temperature causes the acceleration of decomposition. Bronopol degradation by-products were also identified as methanol, formic acid, tris(hydroxymethyl)methane and 2-bromo-2-nitroethanol.",2012,International journal of cosmetic science,formaldehyde_releasers,unspecified,unspecified,unspecified,citric acid,cosmetics product study | analytical/method study,yes,"This paper examines the degradation rate of bronopol, a preservative used in cosmetic products, which is relevant to the health effects of chemical toxicants in cosmetic products."
22564140,Characterization of the decomposition of compounds derived from imidazolidinyl urea in cosmetics and patch test materials.,"Imidazolidinyl urea releases formaldehyde through decomposition. However, there have been few reports on the chemistry of imidazolidinyl urea in cosmetics. The aim of this study was to characterize imidazolidinyl urea-derived compounds in cosmetics and to determine which compounds are responsible for the cross-reactivity with diazolidinyl urea. We analysed imidazolidinyl urea dissolved in aqueous solutions, imidazolidinyl urea patch test materials and imidazolidinyl urea-preserved cosmetics by high-performance liquid chromatography/photodiode array detection and liquid chromatography/mass spectrometry. The results were compared with those obtained with a diazolidinyl urea aqueous solution. In the analysed cosmetic samples and patch test materials, imidazolidinyl urea was primarily composed of allantoin, (4-hydroxymethyl-2,5-dioxo-imidazolidine-4-yl)-urea (HU), (3,4-bis-hydroxymethyl-2,5-dioxo-imidazolidine-4-yl)-urea (3,4-BHU), and (3-hydroxymethyl-2,5-dioxo-imidazolidine-4-yl)-urea. Two of the imidazolidinyl urea-derived major decomposition compounds - HU and 3,4-BHU - are common in the diazolidinyl urea-decomposed compound present in cosmetics. These compounds are possible causative agents of the cross-reactivity between diazolidinyl urea and imidazolidinyl urea.",2012,Contact dermatitis,formaldehyde_releasers,unspecified,skin sensitization,unspecified,unspecified,cosmetics product study | analytical/method study,yes,"This paper is relevant because it characterizes the decomposition of a chemical toxicant (imidazolidinyl urea) in cosmetics, which is a key aspect of understanding its potential health effects."
21963222,"[Contact sensitization to allergens in the Spanish standard series at Hospital Costa del Sol in Marbella, Spain: a retrospective study (2005-2010)].","The prevalence of contact allergy to different compounds can vary according to the population studied, the technique used, and the materials employed in patch tests. The Spanish Contact Dermatitis and Skin Allergy Research Group (GEIDAC) has proposed a panel of 29 allergens for use in patients with suspected allergic contact dermatitis. To determine the prevalence of contact sensitization in a group of Spanish patients and to analyze potential associations with sociodemographic and clinical variables (sex, age, site of lesions, occupation, and diagnosis of atopic dermatitis). A retrospective study of patients with suspected contact dermatitis was undertaken at Hospital Costa del Sol in Marbella, Spain, for the period between January 1, 2005 and December 31, 2010; 839 patients were included in the analysis. Patch tests were carried out with 34 allergens, including the 29 compounds that comprise the Spanish standard panel proposed by the GEIDAC. Sensitization to at least 1 allergen in the panel was observed in 48% of patients. Women had a higher frequency of sensitization than men (56.9% vs 33.1%). The hands were the most commonly affected site (36.1%). The most frequently involved allergens were nickel sulfate (25.9%), potassium dichromate (7.6%), thiomersal (5.1%), cobalt chloride (4.5%), and fragrance mix I (3.8%). In contrast, preservatives such as paraben mix (0.1%), imidazolidinyl urea (0.1%), diazolidinyl urea (0.2%), and quinoline mix (0.2%) had low rates of sensitization. Sensitization to sesquiterpene lactones and methyldibromo glutaronitrile (euxyl K 400) were not observed. Our results are similar to those previously reported for Spanish patients. The low level of sensitization to certain allergens such as most preservatives and sesquiterpene lactones may suggest that their use in standard patch test series should be reconsidered.",2012,Actas dermo-sifiliograficas,formaldehyde_releasers,skin | immune system,skin sensitization,unspecified,unspecified,clinical/hospital study | epidemiological study,no,"This paper focuses on contact sensitization to allergens in a specific population, but does not specifically address the health effects of chemical toxicants in cosmetic products."
21951136,Non-fragrance allergens in specific cosmetic products.,"Reports about the nature of the ingredients responsible for allergic contact dermatitis caused by specific cosmetic products are scarce. Between January 2000 and December 2010, the specific cosmetic products having caused allergic contact dermatitis, as well as the individual allergenic cosmetic ingredients present in them, were recorded by use of a standardized form. Among 11 different categories of cosmetic product, skin care products, followed by hair care and body-cleansing products, were most often involved. The presence of the allergenic ingredient(s) in a specific cosmetic product was confirmed according to the ingredient label in 959 of 1448 records. Six hundred and twenty-one of 959 concerned non-fragrance components, preservatives being responsible for 58% of them. Reactions to formaldehyde and formaldehyde-releasers were most often correlated with body-cleansing products, particularly 2-bromo-2-nitropropane-1,3-diol and skin care products. They were followed by the methylchloroisothiazolinone/methylisothiazolinone mixture, most frequently found as allergens in hair care and intimate hygiene products, and facial cleansers (in the last category together with diazolidinyl urea). Octocrylene was by far the most frequent (photo)allergen in sun care products. This study provides information on the presence and frequency of allergens in specific causal cosmetic products.",2011,Contact dermatitis,formaldehyde_releasers,skin | immune system,skin sensitization,face wash,sunscreen agent,cosmetics product study | hair product study,yes,"This paper investigates the presence of non-fragrance allergens in specific cosmetic products, which is relevant to understanding the potential health effects of chemical toxicants in these products."
21599703,Time trends of contact allergy to a modified European baseline series in Beijing between 2001 and 2006.,"Monitoring trends of sensitivity rates in a population is useful for epidemiological surveillance. The time trends for sensitivity rates of allergens have not previously been reported in China. The aim of the present study was to determine the prevalence and trends of contact allergy in patients with suspected allergic contact dermatitis in Beijing, China. A retrospective analysis of all patch test data from our database was performed. A total of 1354 patients with suspected allergic contact dermatitis between 2001 and 2006 were studied. Patch tests with 20 allergens or mixtures of allergens were performed and analysed. Sensitivity to potassium dichromate (50.1%) was most frequent, and sensitivity to imidazolidinyl urea (3.0%) was least frequent. Increasing trends in sensitivity rates for 10 allergens with significant linear regression were observed (p < 0.05), including mercapto mix, black rubber mix, potassium dichromate, formaldehyde, epoxy resin, benzocaine, ethylenediamine dihydrochloride, paraben mix, tixocortol-21-pivalate, and sesquiterpene lactone mix. Sensitivity rates for the other 10 allergens remained stable or showed only a trend (fragrance mix) towards an increase (p(trend) > 0.05). High sensitivity rates were observed in the study. Significant increasing trends in sensitivity rates for 10 allergens, probably reflecting increasing changes in exposure, were found.",2011,Contact dermatitis,formaldehyde_releasers,immune system,skin sensitization,unspecified,unspecified,clinical/hospital study | epidemiological study,yes,"This paper examines the time trends of contact allergy to a modified European baseline series in Beijing, which can provide insights into the prevalence and trends of contact allergy to chemical toxicants in cosmetic products."
21596455,"Positive patch test reactions in older individuals: retrospective analysis from the North American Contact Dermatitis Group, 1994-2008.","Relatively little is known about the epidemiology of allergic contact dermatitis in older individuals. We sought to determine the frequency of positive and clinically relevant patch test reactions in older individuals (≥ 65 years old) referred for patch testing, and to compare these results with those of adults (≤ 64-19 years) and children (<18 years). This was a retrospective cross-sectional analysis of North American Contact Dermatitis Group data from 1994 to 2008. A total of 31,942 patients (older n = 5306; adults n = 25,028; children n = 1608) were patch tested. The overall frequency of at least one allergic reaction in older individuals was 67.3% as compared with 66.9% for adults (P = .5938) and 47% for children (P = .0011). Reaction rates that were statistically higher in older individuals as compared with both adults and children included: Myroxylon pereirae, fragrance mix I, quaternium-15, formaldehyde, imidazolidinyl urea, diazolidinyl urea, neomycin, bacitracin, methyldibromo glutaronitrile, methyldibromo glutaronitrile/phenoxyethanol, ethyleneurea melamine formaldehyde mix, and carba mix (P values < .0004). Patch test reaction rates that were significantly lower in older individuals than both comparison groups included: nickel, thimerosal, and cobalt (P values < .0001). Referral population was a limitation. Older individuals were more likely to have at least one positive patch test reaction as compared with children, but had similar rates to adults. The frequency of positive reactions to specific allergens differed by age group, most likely as a result of exposures.",2012,Journal of the American Academy of Dermatology,formaldehyde_releasers,immune system,skin sensitization,unspecified,phenoxyethanol,clinical/hospital study | epidemiological study,yes,"This paper investigates the frequency of positive and clinically relevant patch test reactions in older individuals, which can provide insights into the potential health effects of chemical toxicants in cosmetic products on different age groups."
21332463,Contact allergy to preservatives. Analysis of IVDK data 1996-2009.,"Preservatives are well-known and important contact allergens. To examine the frequency of sensitization to preservatives, including time trends. Retrospective analysis of data on patch testing of preservatives contained in the standard series and special series collected by the IVDK during 1996-2009. Some 120,000 and 80,000 patients were tested with the baseline and the preservative series, respectively. Sensitization frequencies of the standard series allergens all ranged above 1%: methyldibromoglutaronitrile (MDBGN) 2·36-4·5%, methy(chloro)isothiazolinone (MCI/MI) 2·22%, formaldehyde 1·54%, paraben mix 1·33% and Bronopol® 1·25%. Regarding the special preservative series, 1·54% reacted positive to methylisothiazolinone (MI), and < 1% to the other preservatives. Concomitant reactions to formaldehyde in formaldehyde releasers ranged from 15% to almost 50%, and 67% of MI positives reacted to MCI/MI. As indicated by the MOAHLFA index, sensitization to MI, iodopropynylbutyl carbamate (IPBC) and quaternium 15 was associated more often with occupational dermatitis, whereas sensitization to imidazolidinyl urea and diazolidinyl urea was associated with face dermatitis, indicating cosmetic exposure. Epidemiologically relevant decreases (> 10%) were seen in chloroacetamide, benzyl alcohol and MDBGN. Epidemiologically relevant increases were noted in IPBC, sodium benzoate and MI. Preservatives are still important contact allergens. The introduction of new preservatives should consider the specific characteristics of occupational and of nonoccupational (cosmetic, household) exposure, and preventive measures should aim equally at both areas.",2011,The British journal of dermatology,formaldehyde_releasers,immune system,skin sensitization,unspecified,benzyl alcohol,cosmetics product study | clinical/hospital study | epidemiological study | industrial/occupational,yes,"This paper examines the frequency of sensitization to preservatives in cosmetic products, which is relevant to the health effects of chemical toxicants in cosmetic products."
21309789,The different decomposition properties of diazolidinyl urea in cosmetics and patch test materials.,"Diazolidinyl urea is a formaldehyde-releasing compound that releases formaldehyde through its decomposition. However, there have been few reports about the decomposition properties of diazolidinyl urea in cosmetics and patch test materials. The aim of this study was to show how diazolidinyl urea decomposes in cosmetics and patch test vehicles, and to determine which cosmetic compounds should be evaluated in patch test studies of diazolidinyl urea. We fractionated diazolidinyl urea-dissolving buffers or diazolidinyl urea-containing cosmetics with high-performance liquid chromatography-photodiode array detector (HPLC-PDA), and characterized them in liquid chromatography-mass spectrometry (LC-MS) and (1) H-nuclear magnetic resonance studies. Diazolidinyl urea-containing cosmetics and diazolidinyl urea patch test materials were also analysed with HPLC-PDA and LC-MS. Diazolidinyl urea was decomposed to (4-hydroxymethyl-2,5-dioxo-imidazolidine-4-yl)-urea (HU) and (3,4-bis-hydroxymethyl-2,5-dioxo-imidazolidine-4-yl)-urea (3,4-BHU) in most of the cosmetic samples tested. The peak patterns of the patch test materials analysed with the HPLC-PDA were different from those of the cosmetic samples. CONCLUSIONS. The diazolidinyl urea-derived decomposition products differed between the cosmetics and patch test preparations. To test the contact sensitivity of the diazolidinyl urea present in cosmetics, patch tests with HU and 3,4-BHU in petrolatum should be performed.",2011,Contact dermatitis,formaldehyde_releasers,unspecified,skin sensitization,unspecified,unspecified,cosmetics product study | analytical/method study,yes,"This paper investigates the decomposition properties of diazolidinyl urea, a formaldehyde-releasing compound used in cosmetics, which is relevant to the health effects of chemical toxicants in cosmetic products."
21272037,Low-level efficacy of cosmetic preservatives.,"Preservation using combinations of preservatives has several advantages. This study shows that the concentration of some of the most frequently used allergenic preservatives can be markedly lowered when they are combined with phenoxyethanol. The antimicrobial efficacy of cosmetic preservatives and known allergens of various potency [diazolidinyl urea, methylchloroisothiazolinone/methylisothiazolinone (MCI/MI), methylisothiazolinone (MI) and phenoxyethanol] was tested alone and in various combinations of two or three preservatives together. The preservatives were tested for minimum inhibitory concentration (MIC) values and possible synergy using fractional inhibitory concentration. MCI/MI was the only preservative showing low-level MIC against all four tested microorganisms: Staphylococcus aureus, Pseudomonas aeruginosa, Candida albicans and Aspergillus niger. Different combinations of the preservatives indicated additive effects against the microorganisms. No combination of preservatives showed any inhibitory action on each other. Challenge tests with different concentrations and combinations were performed in a cosmetic cream. Diazolidinyl urea and MCI/MI alone were ineffective against C. albicans in a challenge test at concentrations up to 16 times higher than the observed MIC values. When combining phenoxyethanol with either one of the allergenic preservatives diazolidinyl urea, MCI/MI or MI, the cosmetic cream was adequately preserved at concentrations well below the preservatives' MIC values as well as 10-20 times below the maximum permitted concentrations. By using combinations of preservatives, effective preservation can be achieved with lower concentrations of allergenic preservatives.",2011,International journal of cosmetic science,formaldehyde_releasers,immune system,unspecified,unspecified,phenoxyethanol,cosmetics product study | skin/topical study,yes,"This paper evaluates the efficacy of cosmetic preservatives, including some known allergens, which is relevant to the health effects of chemical toxicants in cosmetic products."
20920414,Physician-patient agreement in the assessment of allergen relevance.,"The efficacy of patch testing may be enhanced by data allowing the physician to estimate the likelihood that results of a patch-test reading are relevant to a patient's dermatitis. The goal of this study was to compare the rates of agreement between the physician's assessment of relevance at the time of final reading and the patients' report 3 months to 3 years later in regard to whether avoidance of an allergen was needed to remain free of dermatitis. We hypothesize that the agreement rates between the physician and patient relevance assessments will vary based on properties both intrinsic and extrinsic to the allergen in question. We mailed 407 Institutional Review Board-approved questionnaires to patients and analyzed results for the 92 patients reporting greater than 80% improvement of their dermatitis. Cross-reacting allergens tested on the same patient were combined for analysis. Percent agreement was used to assess interrater concordance. Percent agreement regarding relevance for each allergen or group of allergens was as follows: formaldehyde and formaldehyde-releasing preservatives, 88%; neomycin sulfate, 78%; nickel sulfate hexahydrate, 71%; fragrance mix and related products, 65%; and gold sodium thiosulfate, 56%. Relevance varies between allergens. Physician assessment of relevance at the time of final reading is not the ideal method for determining allergen relevance. This has implications for when best to determine the relevance of certain allergens. For allergens with lower agreement, in particular, extended follow-up is recommended to accurately determine an allergen's contribution to a patient's allergic contact dermatitis, especially in those circumstances in which a patient's condition has not improved.",2010,"Dermatitis : contact, atopic, occupational, drug",formaldehyde_releasers,immune system,skin sensitization,unspecified,unspecified,clinical/hospital study,no,"This paper focuses on the agreement between physicians and patients regarding allergen relevance, which is not directly related to the health effects of chemical toxicants in cosmetic products."
20690936,Patch testing and contact allergens in Ethiopia--results of 514 contact dermatitis patients using the European baseline series.,"Patch testing is essential to diagnose allergic contact dermatitis. Dermatologists in many countries use a baseline (standard) series covering the major allergens responsible for allergic contact dermatitis in their population, with the addition of relevant allergens for the individual patient. However, a baseline series has not yet been developed for Ethiopia. Our objective in this study is to identify common contact allergens to form the basis of a future baseline series in Ethiopia. We patch tested 514 subjects with dermatitis according to the recommended procedure using the European baseline series for 1 year. 52.7% of the tested subjects showed positive reaction for at least one allergen tested. The top five contact allergens identified were nickel sulfate, fragrance mix I, cobalt chloride, p-tert-butylphenolformaldehyde (PTBP) resin and potassium dichromate. Positive reactions to nickel and PTBP were commoner in females. PTBP positivity was strongly associated with foot eczema. Positive test reactions were commoner in cement workers, notably to potassium dichromate, which was also a commoner allergen in patients presenting with hand dermatitis. There were no reactions to several allergens, including neomycin, benzocaine, budesonide, primin and quaternium-15. Comparable patch test results with other countries have been shown and the European baseline series can be used as a baseline series in Ethiopia with some modification.",2010,Contact dermatitis,formaldehyde_releasers,immune system,skin sensitization,unspecified,unspecified,clinical/hospital study | industrial/occupational,yes,"This paper identifies common contact allergens in Ethiopia, which is relevant to the health effects of chemical toxicants in cosmetic products, particularly in the context of global cosmetic product use."
20534085,Positive concomitant test reactions to allergens in the standard patch test series.,"Patch testing is performed to evaluate suspected allergic contact dermatitis. Common wisdom suggests that various allergens cross-react but only a few larger studies have published confirmations of this. The purpose of our study was to identify significant correlations between positive test reactions in a screening series. A total of 1235 patients undergoing patch testing to the Hermal standard series at the Massachusetts General Hospital, Contact Dermatitis Clinic between 1990 and 2006 were investigated. Two or more positive reactions were seen in 411 patients (33.3%). Sensitizations to eight pairs of allergens were found to have significant correlation (P <or= 0.0001). A strong association was observed for cross reactions between formaldehyde and its releasers quaternium 15 and imidazolidinyl urea and between balsam of Peru and fragrance mix. Moreover, significant co-sensitization was identified for potassium dichromate and colophony. Three significant pairings in our study were associations between fragrances and metals. Our data confirm the previously published cross-reactions in the literature between fragrance components, and formaldehyde and formaldehyde-releasing preservatives. The increased numbers of patients with metal and fragrance sensitization can be considered as a random finding due to independent sensitization. Being aware of cross-reacting allergens is essential to success in resolving allergic dermatitis when counseling patients.",2010,International journal of dermatology,formaldehyde_releasers,immune system,skin sensitization,unspecified,unspecified,clinical/hospital study,no,"This paper discusses patch testing for allergic contact dermatitis, but does not specifically address the health effects of chemical toxicants in cosmetic products."
20433443,Twenty-five years quaternium-15 in the European baseline series: does it deserve its place there?,"For allergens to be included in the European baseline series, they should have allergy rates of at least 1%. In several studies quaternium-15 had lower scores. Also, many cases of sensitization are already detected by formaldehyde contact allergy. The aim of this study was to evaluate whether quaternium-15 deserves continued inclusion in the baseline series on the basis of current criteria: 1% positive reactions, common occurrence in the environment, many relevant reactions. We used the literature survey method in this study. Only the United Kingdom has rates consistently over 1%. The mean for all other countries together and for many individual nations is lower than 1%. At least half of the reactions are already detected by formaldehyde sensitivity, which lowers rates for allergy to quaternium-15 per se (i.e. not caused or at least detected by formaldehyde sensitivity) to less than 0.6% for all countries except the United Kingdom. Neither common occurrence in the environment nor a high percentage of relevant reactions has been ascertained. It may well be argued that quaternium-15 does not deserve its place in the European baseline series and could be incorporated in a cosmetic screening series or preservative series instead. In the United Kingdom, routine testing should be continued.",2010,Contact dermatitis,formaldehyde_releasers,immune system,unspecified,unspecified,unspecified,cosmetics product study | epidemiological study,yes,"This paper evaluates the inclusion of quaternium-15 in the European baseline series, which is a chemical found in some cosmetic products and has potential health effects."
19958738,Allergic contact dermatitis in Operation Iraqi Freedom: use of the T.R.U.E. Test in the combat environment.,"Refractory dermatitis can frequently cause loss of personnel and poses an economic drain on the military due to the evacuation of civilians and soldiers out of theater. Proof-of-concept retrospective analysis to review the utility of the T.R.U.E. Test in the combat environment. Thirty T.R.U.E. Tests were performed by the dermatology clinic in Baghdad, Iraq, between January 15, 2008, and July 15, 2008. Thirty active-duty and civilian contractors referred to the dermatology clinic for dermatitis were tested and four others were clinically rechallenged for suspected bacitracin contact allergy. Of the 30 patients tested, 14 (46.7%) had a positive test reaction to at least one antigen. In these positive tests, nickel, neomycin, and thimersol each comprised 17% followed by neomycin, thimerosal, budesonide, epoxy resin, potassium dichromate, p-phenylenediamine, formaldehyde, quaternium-15, fragrance, and balsam of Peru. All four clinical rechallenges for bacitracin allergy were also positive. The use of the T.R.U.E. Test in the combat desert environment is an efficient, easy, and clinically relevant method of testing for allergic contact dermatitis. Continued study of the prevalence of allergic contact dermatitis at Ibn Sina Hospital, Baghdad, Iraq, is recommended.",2009,"Dermatitis : contact, atopic, occupational, drug",formaldehyde_releasers,immune system,skin sensitization,unspecified,unspecified,clinical/hospital study | epidemiological study,no,"This paper reports patch-test results of the North American Contact Dermatitis Group, which includes testing for reactions to various chemicals found in cosmetic products."
19470301,Patch-test results of the North American Contact Dermatitis Group 2005-2006.,"The North American Contact Dermatitis Group (NACDG) tests patients who have suspected allergic contact dermatitis with a broad series of screening allergens, and publishes periodic reports of its data. To report the NACDG patch-test results from January 1, 2005, to December 31, 2006, and to compare results to pooled test data from the previous 10 years. Standardized patch testing with 65 allergens was used at 13 centers in North America. Chi-square statistics were utilized for comparisons with previous NACDG data. NACDG patch-tested 4,454 patients; 12.3% (557) had an occupation-related skin condition, and 65.3% (2,907) had at least one allergic patch-test reaction. The 15 most frequently positive allergens were nickel sulfate (19.0%), Myroxilon pereirae (balsam of Peru, 11.9%), fragrance mix I (11.5%), quaternium-15 (10.3%), neomycin (10.0%), bacitracin (9.2%), formaldehyde (9.0%), cobalt chloride (8.4%), methyldibromoglutaronitrile/phenoxyethanol (5.8%), p-phenylenediamine (5.0%), potassium dichromate (4.8%), carba mix (3.9%), thiuram mix (3.9%), diazolidinylurea (3.7%), and 2-bromo-2-nitropropane-1,3-diol (3.4%). As compared to the 1994-2004 data, there were significant increases in rates of positivity to nickel, quaternium-15, potassium dichromate, lidocaine, and tea tree oil. Of patch-tested patients, 22.9% (1,019) had a relevant positive reaction to a supplementary allergen; 4.9% (219) had an occupationally relevant positive reaction to a supplementary allergen. Nickel has been the most frequently positive allergen detected by the NACDG; rates significantly increased in the current study period and most reactions were clinically relevant. Other common allergens were topical antibiotics, preservatives, fragrance mix I and paraphenylenediamine. Testing with an expanded allergen series and supplementary allergens enhances detection of relevant positive allergens.",2009,"Dermatitis : contact, atopic, occupational, drug",formaldehyde_releasers,skin | immune system,skin sensitization,unspecified,phenoxyethanol,skin/topical study | clinical/hospital study | industrial/occupational,yes,"This paper reports patch-test results of the North American Contact Dermatitis Group, which includes testing for reactions to various chemicals found in cosmetic products."
19269905,"Simultaneous measurement of diazolidinyl urea, urea, and allantoin in cosmetic samples by hydrophilic interaction chromatography.","A new HPLC method for simultaneous measurement of diazolidinyl urea (DU), urea, and allantoin by hydrophilic interaction chromatography using a column packed with triazol-bonded silica particles is described. The calibration curves of DU, urea, and allantoin were linear over the ranges 2.5-125.0, 30-1250, and 0.25-18.75mg/L, respectively. The recoveries of DU, urea, and allantoin from homemade cosmetic samples ranged from 92.84% to 101.69%, 98.19% to 103.22%, and 95.75% to 102.09%, respectively. The peak relative standard deviation (RSD) values for the recovery tests of 3 concentrations/5 replicates were 3.03% for all compounds. In day-to-day measurement of recovery tests from homemade lotions over 3 consecutive days, the RSDs were less than 2.5% in all cases. This method was well validated and would be helpful for quickly analyzing these compounds in cosmetic samples.",2009,"Journal of chromatography. B, Analytical technologies in the biomedical and life sciences",formaldehyde_releasers,unspecified,unspecified,unspecified,unspecified,cosmetics product study | skin/topical study | analytical/method study,yes,"This paper describes a method for measuring the levels of diazolidinyl urea, a chemical found in some cosmetic products, in cosmetic samples."
18976378,Occupational contact allergy to formaldehyde and formaldehyde releasers.,"Formaldehyde allergy is common and usually derives from formaldehyde-releasing biocides in cosmetic and other products. To analyse patterns of patch test reactions to formaldehyde and formaldehyde-releasing compounds and the sources of sensitization. At the Finnish Institute of Occupational Health, we screened the patch test files for allergic reactions to formaldehyde and 12 formaldehyde-releasing compounds. All patients with contact allergy to any of the substances were included, and their records were reviewed. Between January 2001 and May 2007, we had patch tested 81 patients with formaldehyde allergy and 18 with independent allergy to some formaldehyde releaser. Of the formaldehyde allergies, 60 were new sensitizations, 25 of which were considered to be occupational. The most common source of occupational sensitization was metalworking fluids followed by creams and related products. Exposure to formaldehyde-releasing preservatives in liquid soaps and other rinse-off products was common in both occupational and non-occupational cases. Reactions to formaldehyde-releasing compounds were seen in 79% of the formaldehyde-allergic patients. Occupational formaldehyde allergy was common and occurred in metalworkers, hairdressers, masseurs, and workers using protective creams, detergents, and liquid soaps. When compared with studies on general dermatological patients, contact allergy to formaldehyde releasers without formaldehyde allergy was rare.",2008,Contact dermatitis,formaldehyde_releasers,immune system,skin sensitization,soap,unspecified,cosmetics product study | skin/topical study | clinical/hospital study | industrial/occupational,yes,"This paper is relevant because it investigates the sources of sensitization to formaldehyde and formaldehyde-releasing compounds, which are commonly found in cosmetic products."
18936397,"Contact allergy in children referred for patch testing: North American Contact Dermatitis Group data, 2001-2004.","To determine the frequency of positive and relevant patch tests in children referred for patch testing in North America; to compare results of patch testing children and adults; and to compare our results with international data on contact allergy in children. Retrospective cross-sectional analyses of North American Contact Dermatitis Group (NACDG) data from January 1, 2001, through December 31, 2004. Patch test reactions for allergens that were positive and considered of clinical importance to the patient's eczematous problem were defined as being of current or past relevance. Clinical patch test data from 13 NACDG members, primarily a referral population. The pediatric population (hereafter referred to as ""children"") was defined as patients aged 0 to 18 years (n = 391). Patients 19 years and older constituted the comparison adult group (n = 9670). The frequency of positive patch test reactions and number of relevant ones. Secondary measures included the association of atopic markers, frequency of irritant reactions, and sources of relevant supplementary allergens. No significant difference in the overall frequency of at least 1 relevant positive patch test reaction was noted in children (51.2%) compared with adults (54.1%). The most frequent positive reactions in children were to nickel (28.3%), cobalt chloride (17.9%), thimerosal (15.3%), neomycin sulfate (8.0%), gold sodium thiosulfate (7.7%), and fragrance mix (5.1%). For children aged 0 to 18 the most frequent relevant positive reactions were to nickel sulfate (26.0%), cobalt (12.4%), neomycin (4.4%), fragrance mix (4.1%), gold (3.6%), and quaternium 15 (3.6%). The frequency of irritant reactions in adults and children was similar. Of the children with a relevant positive reaction, 34.0% had atopic dermatitis included as one of their final diagnoses, compared with 11.2% of adults (P < .001). Fifteen percent and 39% of children had relevant allergens not included in the NACDG series and a commercially available skin patch test (T.R.U.E. TEST [thin-layer rapid use epicutaneous test], panel 1.1 and 2.1; Allerderm, Phoenix, Arizona), respectively. Adults and children in this group are equally likely to have allergic contact dermatitis; frequency of relevant allergen reactions differs.",2008,Archives of dermatology,formaldehyde_releasers,skin | immune system,skin sensitization,unspecified,unspecified,clinical/hospital study | epidemiological study,yes,"This paper is relevant because it examines the frequency and relevance of contact allergy in children, which can be related to exposure to chemical toxicants in cosmetic products."
18822043,Simultaneous determination of 21 preservatives in cosmetics by ultra performance liquid chromatography.,"An ultra performance liquid chromatography (UPLC) method has been developed for the simultaneous determination of 21 preservatives: 2-methyl-4-isothiazoline-3-ketone, bronopol, 5-chloro-2-methyl-4-isothiazoline-3-ketone, benzyl alcohol, 2-phenoxyethanol, methyl-p-hydroxy benzoate, ethyl-p-hydroxy benzoate, methyl benzoate, 4-hydroxybenzoic acid iso-propyl ester, propyl-p-hydroxy benzoate, 4-chloro-3-methylphenol, ethyl benzoate, 2-phenylphenol, 4-hydroxybenzoic acid iso-butyl ester, butyl-p-hydroxy benzoate, 4-chloro-3,5-dimethylphenol, phenyl benzoate, 2,4-dichloro-3,5-dimethylphenol, 2-benzyl-4-chlorophenol, triclocarban and triclosan in cosmetics. A Waters ACQUITY UPLC BEH C(18) column was used with 0.1% formic acid solution as the mobile phase under the condition of gradient elution. Preservatives were extracted with methanol by ultrasonicator, and then they were analysed by UPLC-PDA detector. All these preservatives were baseline separated in 8.5 min. The pre-treatment method of samples and the chromatographic condition of analysis were critically examined in this study. The recoveries ranged from 90.5 to 97.8%, with RSD values below 3.2%, and all correlation coefficients (r) were no less than 0.9997. Thus, this method could be used for analysing the preservatives in cosmetic products.",2008,International journal of cosmetic science,formaldehyde_releasers,unspecified,unspecified,unspecified,phenoxyethanol | benzyl alcohol,cosmetics product study | analytical/method study,yes,"This paper is relevant because it describes a method for detecting 21 preservatives in cosmetics, which are chemical toxicants commonly found in personal care products."
18413109,"Allergic contact dermatitis in children: the Ottawa hospital patch-testing clinic experience, 1996 to 2006.","Allergic contact dermatitis in children is a significant clinical problem. Patch testing is a diagnostic tool for the evaluation of patients with suspected allergic contact dermatitis. To determine the frequency and relevance of positive patch-test results in children and to identify the most common allergens in children at our clinic. Retrospective chart review of 100 children and adolescents, aged 4 to 18 years, who were patch-tested at the Ottawa Hospital patch-testing clinic between 1996 and 2006. The children were patch-tested with the North American Contact Dermatitis Group (NACDG) standard series, supplementary series if indicated, and their own products if available. Seventy percent of children had at least one positive patch-test reaction; 55.8% of positive patch-test reactions were relevant. The ratio of females to males was 62:38. The most common allergens were nickel sulfate (26%), cobalt (14%), fragrance mix (7%), neomycin (7%), colophony (6%), formaldehyde (4%), lanolin (4%), quaternium-15 (4%), and para-phenylenediamine (4%). Nickel co-reacted with cobalt (68%) and palladium (100%). Of children tested, 41% had a history of atopic dermatitis. The frequency of positive and relevant allergens in children is similar to that in adults as compared with data from the NACDG 2001-2002 study period. Differences between the top 10 allergens in children and adults were seen. Nickel and cobalt were more common allergens in children, and colophony, lanolin, and para-phenylenediamine ranked in the top 10 allergens among children.",2008,"Dermatitis : contact, atopic, occupational, drug",formaldehyde_releasers,immune system,skin sensitization,unspecified,lanolin,clinical/hospital study,yes,"This paper is relevant because it investigates the frequency and relevance of positive patch-test results in children, which can be related to exposure to chemical toxicants in cosmetic products."
18346395,Allergens in corticosteroid vehicles.,"Whereas allergy to vehicle ingredients (ie, excipients and preservatives) in topical steroid vehicles is well recognized, there are no data regarding which vehicle ingredients are in common use or on which vehicles and active molecules are associated with which ingredients. To produce descriptive data on the use of allergenic vehicle ingredients in prescription topical corticosteroids. The package insert for every steroid in widespread use in the United States was obtained from the manufacturer and used to generate an ingredient list for the product. There are seven vehicle ingredients that are commonly used in topical corticosteroid vehicles that are well-known allergens: propylene glycol, sorbitan sesquioleate, formaldehyde-releasing preservatives, parabens, methylchloroisothiazolinone/methylisothiazolinone, lanolin, and fragrance. Of 166 topical corticosteroids, 128 (including all creams) had at least one of these vehicle ingredients. More generic products were free of allergens than were branded products. Solutions and ointments were the least allergenic vehicles. The most commonly present potential allergens were propylene glycol and sorbitan sesquioleate. Most prescription topical corticosteroids have the potential to cause allergic contact dermatitis owing to vehicle ingredients. Dermatologists should be aware of this possibility and should consider prescribing agents that do not contain potentially allergenic vehicle ingredients.",2008,"Dermatitis : contact, atopic, occupational, drug",formaldehyde_releasers,immune system,skin sensitization,unspecified,lanolin | propylene glycol,skin/topical study,no,"This paper is not directly relevant because it focuses on allergens in corticosteroid vehicles, which is a specific type of product, rather than a broad investigation of chemical toxicants in cosmetic products."
18205877,A review of 241 subjects who were patch tested twice: could fragrance mix I cause active sensitization?,"Active patch test sensitization is an uncommon phenomenon which may have undesirable consequences for those undergoing this gold-standard investigation for contact allergy. To perform a retrospective analysis of the results of 241 subjects who were patch tested twice in a monocentre evaluating approximately 1500 subjects per year. Positivity to 11 common allergens in the recommended Baseline Series of contact allergens (European) was analysed: nickel sulphate; Myroxylon pereirae; fragrance mix I; para-phenylenediamine; colophonium; epoxy resin; neomycin; quaternium-15; thiuram mix; sesquiterpene lactone mix; and para-tert-butylphenol resin. Only fragrance mix I gave a statistically significant, increased rate of positivity on the second reading compared with the first (P=0.011). This trend was maintained when separately analysing a subgroup of 42 subjects who had been repeat patch tested within 1 year; this analysis was done to minimize the potential confounding factor of increased usage of fragrances with a wide interval between both tests. To reduce the confounding effect of age on our data, we calculated expected frequencies of positivity to fragrance mix I based on previously published data from our centre. This showed a marked excess of observed cases over predicted ones, particularly in women in the age range 40-60 years. We suspect that active sensitization to fragrance mix I may occur. Similar published analysis from another large group using standard methodology supports our data.",2008,The British journal of dermatology,formaldehyde_releasers,immune system,skin sensitization,unspecified,unspecified,unclassified,no,"This paper focuses on the patch testing of fragrance mix I and its potential to cause active sensitization, but it does not specifically address the health effects of chemical toxicants in cosmetic products."
17553593,"Contact dermatitis of the hands: cross-sectional analyses of North American Contact Dermatitis Group Data, 1994-2004.","Hand dermatitis, including irritant and allergic contact dermatitis (ACD), is common. To evaluate allergens, relevant irritants, sources and occupations associated with hand contact dermatitis using North American Contact Dermatitis Group (NACDG) data. A cross-sectional analysis of 22,025 patients patch tested between 1994 and 2004. Hand involvement was found in 6953 patients; 959 had ACD as the only diagnosis. In these 959 patients, the 12 most frequent relevant allergens were quaternium-15 (16.5%), formaldehyde (13.0%), nickel sulfate (12.2%), fragrance mix (11.3%), thiuram mix (10.2%), balsam of Peru (9.6%), carba mix (7.8%), neomycin sulfate (7.7%), bacitracin (7.4%), methyldibromoglutaronitrile/phenoxyethanol 2.0% (7.4%), cobalt chloride (6.5%), and methyldibromoglutaronitrile/phenoxyethanol 2.5% (6.3%). Rubber allergens were most commonly associated with occupation. One third of patients with hand ACD had identifiable relevant irritants. Cross-sectional analyses prevent evaluation of causal associations. In NACDG patients with hand ACD, the most common allergens included preservatives, metals, fragrances, topical antibiotics, and rubber additives.",2007,Journal of the American Academy of Dermatology,formaldehyde_releasers,immune system,skin sensitization,unspecified,phenoxyethanol,skin/topical study | clinical/hospital study | epidemiological study,yes,"This paper identifies fragrance mix as one of the most common allergens associated with hand contact dermatitis, which is a relevant health effect of chemical toxicants in cosmetic products."
17295688,Comparison of reactivity to allergens using the TRUE Test and IQ chamber system.,"The reproducibility of the patch test is of great importance to its diagnostic utility. The objective of this study was to quantitatively and qualitatively compare the reproducibility of patch test reactions between the manufacturer-loaded TRUE Test (TT) panel and the investigator-loaded IQ Chamber (IQC) system using the European Standard Series (ESS) (Chemotechnique Diagnostics, Malmö, Sweden). Consecutive patients were simultaneously patch tested with 21 allergens using the TT and IQC system. The concordance and discordance of the 2 methods were analysed. Testing was performed in 207 patients (85 men and 122 women) who yielded 317 positive reactions, 188 with the IQ system and 129 with the TT. A total of 204 tests were positive with both methods, showing a positive concordance rate of 64.4%, with IQC producing more positive results. A high concordance rate of positive results was achieved for Cl+ Me- isothiazolinone (81.5%), nickel sulfate (79%), formaldehyde (76.9%), and paraphenylenediamine (PPD) (72.7%); a moderate concordance was noted for quaternium 15 (66.7%), potassium dichromate (64.3%), and fragrance mix (58.1%); and a low concordance was noted for cobalt chloride (27.6%) and Balsam of Peru (18.2%). The IQC and the TT are similar in finding allergy to allergens with high concordance. The IQC system has an advantage in detecting clinically relevant reactions to allergens that have a moderate and a low concordance.",2007,Contact dermatitis,formaldehyde_releasers,immune system,skin sensitization,unspecified,unspecified,clinical/hospital study,no,"This paper compares the reproducibility of patch test reactions between two different testing systems, but it does not address the health effects of chemical toxicants in cosmetic products."
17125030,[Contact allergy to preservatives contained in cosmetics].,"The aim of this study was to assay the type of allergy to preservatives contained in cosmetics and to assess the usefulness of the composition of allergens included in a standard series for the diagnosis of occupational contact allergy used to date. The frequency of contact allergy to the standard series of preservatives (thimerosal, Euxyl K 400, formaldehyde, Kathon CG, Quaternium 15, parabens) was assayed in a group of 1937 subsequent patients referred to the Nofer Institute of Occupational Medicine in L6di and examined in the years 2000-2005. The frequency and type of allergy to preservatives of a cosmetic series in a group of 113 patients with poor tolerance of cosmetics were also investigated. Allergy to thimerosal was found in 11.8% of patients tested with a standard series; to formaldehyde in 4.9%; and to Euxyl K 400 in 3.7%. Quaternium and parabens were less allergenic (0.8 and 0.3%, respectively). In the group of 113 patients subjected to patch test with a cosmetic series, allergy, i.e. at least one positive patch test, was observed in 49 (43.4%) patients. Of the 27 preservatives contained in cosmetics, 16 induced positive reaction to chemical compounds. Euxyl K 400 proved to be the basic allergenic preservative of this series, and induced allergy in 21 (18.6%) patients, whereas 17.7% of patients reacted to thimerosal. Only allergy to thimerosal applied to 8 persons, and 7 of them showed inflammatory lesions only on the face. Less allergic biocides were cocamidopropyl betaine (7.1%), Kathon CG (7.1%), Bronopol (5.3%), Germall II (4.4%), triethanolamine (3.5%), Germall 115 (2.6%), DMDM hydantoin (2.6%), Grotan BK (1.8%), sodium-2-pyridinethiol-1-oxide (1.8%), clioquinol (0.9%), Quaternium 15 (0.9%), and dimethylaminopropylamine (0.9%). The results of our study confirmed observations of other authors that allergy to preservatives present in numerous industrial products, especially Euxyl K 400, is still a growing problem. Like many other researchers, we are of the opinion that this allergen should be included in a standard series for the diagnosis of all patients with suspected allergic dermatitis, including that of occupational origin.",2006,Medycyna pracy,formaldehyde_releasers,immune system,skin sensitization,unspecified,unspecified,cosmetics product study | clinical/hospital study | industrial/occupational,yes,"This paper investigates the frequency and type of contact allergy to preservatives contained in cosmetics, which is a relevant health effect of chemical toxicants in cosmetic products."
17101019,Sensitizations to allergens of TRUE test in 864 consecutive eczema patients in Israel.,"The TRUE test is a widespread diagnostic tool for initial patch testing of patients with contact dermatitis (CD). From 2002 to 2005, 864 patients with eczema were patch-tested using TRUE test in one Israeli allergology clinic. 547 (63.3%) patients were female and 317 (36.7%) were male. 346 (40%) patients had > or =1 positive patch test reactions. The most common allergens were nickel sulfate for 114 (13.2%) patients, potassium dichromate 111 (12.8%), fragrance mix 59 (6.8%), cobalt chloride 12 (1.4%), ethylenediamine dihydrochloride 11 (1.3%), epoxy resin 11 (1.3%), balsam of Peru 9 (1.0%), carba mix 7 (0.8%), thiomersal 6 (0.7%), wool alcohol 5 (0.6%), black rubber (PPD) mix 5 (0.6%), neomycin 4 (0.5%); Kathon CG, Colophony and Quaternium 15 - each 2 (0.2%), other allergens - each 1 (0.1%). In male patients, carba mix, black rubber (PPD) mix and epoxy resin sensitivity was more frequent, whereas nickel sulfate, fragrance mix, ethylenediamine dihydrochloride and cobalt chloride sensitivity was significantly more frequent in female patients. Our results are in general agreement with previously published reports, excluding the low sensitivity rates to cobalt, which maybe is missed by TRUE test.",2006,Contact dermatitis,formaldehyde_releasers,immune system,skin sensitization,unspecified,unspecified,clinical/hospital study,yes,"This paper identifies nickel sulfate, fragrance mix, and other allergens as common causes of sensitization in patients with eczema, which is a relevant health effect of chemical toxicants in cosmetic products."
16689811,Formaldehyde in reusable protective gloves.,"Due to the clinical findings in a single patient's case, formaldehyde was suspected to be present in clinically relevant levels in reusable protective gloves. Therefore, 9 types of gloves were investigated with the semi-quantitative chromotropic acid method. It was found that 6/9 gloves emitted some formaldehyde and that 4/9 gloves emitted > or =40 microg of formaldehyde. Most of the formaldehyde was found on the inside of the gloves. To get an indication of the clinical relevance, a comparison with a protective cream declared to contain the formaldehyde-releasing agent diazolidinyl urea was performed by comparing areas of gloves with areas of cream layers with thickness 1-2 mg/cm(2). It was found that the amounts of formaldehyde emitted from the gloves might be in the same range as emitted from a layer of cream.",2006,Contact dermatitis,formaldehyde_releasers,unspecified,unspecified,unspecified,unspecified,skin/topical study | clinical/hospital study,no,"The paper investigates formaldehyde in reusable protective gloves, which is not directly related to cosmetic products."
16426294,Characterization and chemistry of imidazolidinyl urea and diazolidinyl urea.,"For several decades, the cosmetic preservatives imidazolidinyl urea (IU) and diazolidinyl urea (DU) have not only been poorly characterized but have also had misleading chemical structures assigned to them. The most common trade names of IU and DU are Germall 115 and Germall II, respectively. This publication gives an insight into what these 2 well-known contact allergens consist of and their degradation patterns. Approximately, 30-40% of both products can be characterized by mixtures of allantoin (synthetic starting material), (4-hydroxymethyl-2,5-dioxo-imidazolidin-4-yl)-urea (compound HU) and presumably 1-(3,4-bis-hydroxymethyl-2,5-dioxo-imidazolidin-4-yl)-1,3-bis-hydroxymethyl-urea (compound BHU). A full chemical characterization of compound HU is shown. The remaining part of both IU and DU are believed to be polymers of allantoin-formaldehyde condensation products. The analytical methods used to characterize IU and DU are capillary electrophoresis and nuclear magnetic resonance and mass spectroscopy studies.",2006,Contact dermatitis,formaldehyde_releasers,immune system,unspecified,unspecified,unspecified,cosmetics product study | analytical/method study,yes,"The paper provides detailed information about the chemical composition and degradation patterns of diazolidinyl urea, a common preservative in cosmetic products."
16426291,Can an imidazolidinyl urea-preserved corticosteroid cream be safely used in individuals hypersensitive to formaldehyde?,"A topical corticosteroid preparation on the Swedish market, Flutivate cream, contains a fairly high concentration of formaldehyde (FA). In this study, we have investigated the clinical relevance of contact allergy to FA when treating an allergic eczema with Flutivate cream, containing an FA-releasing preservative. In a randomized, double-blind study, 7 patients hypersensitive to both FA and nickel repeatedly applied Flutivate cream containing FA or Betnovate cream not containing FA to areas of experimentally induced nickel dermatitis. 17 controls allergic to nickel, but not FA, went through the same procedure. In 29 per cent of the FA-allergic individuals, the experimental dermatitis healed when treated with Flutivate cream compared with 71 per cent of the controls (P = 0.04). The conclusion to draw from this study is that an individual hypersensitive to FA should not use the corticosteroid preparation Flutivate cream on dermatitis skin.",2006,Contact dermatitis,formaldehyde_releasers,skin | immune system,unspecified,unspecified,unspecified,skin/topical study | clinical/hospital study,yes,"The study investigates the safety of using an imidazolidinyl urea-preserved corticosteroid cream in individuals hypersensitive to formaldehyde, which is relevant to the health effects of chemical toxicants in cosmetic products."
16426289,"ROAT: morphology of ROAT on arm, neck and face in formaldehyde and diazolidinyl urea sensitive individuals.","The morphology of early allergic contact dermatitis reactions was studied in formaldehyde allergic individuals exposed to a cream product preserved with 4 different concentrations of diazolidinyl urea. The study was made using a dose-escalating design in 3 different anatomical regions, the upper arm, neck and face. On the arm and neck, the dominant initial morphology was an eczematous papular eruption. In the face, the initial skin changes were more homogeneous and infiltrated erythema.",2006,Contact dermatitis,formaldehyde_releasers,skin | immune system,skin sensitization,unspecified,unspecified,skin/topical study,yes,"The study examines the morphology of allergic contact dermatitis reactions in individuals sensitive to formaldehyde and diazolidinyl urea, which is relevant to understanding the health effects of these chemical toxicants in cosmetic products."
16283905,"Experimental elicitation of contact allergy from a diazolidinyl urea-preserved cream in relation to anatomical region, exposure time and concentration.","The elicitation potential of the cosmetic preservative diazolidinyl urea was studied in formaldehyde- and diazolidinyl urea-sensitized volunteer patients using a stepwise controlled exposure design. The test product was a facial moisturizer, preserved with varying concentrations of diazolidinyl urea, ranging from 0.05% to 0.6%. A repeated open application-like exposure test was performed on volunteers and a control group with the test product containing increasing preservative concentrations, on arm, neck and face, sequentially, for 2 weeks or until dermatitis developed. The preservative action in the cream at different test concentrations was tested in microbial challenge tests and was found effective at all concentrations tested. The study established a non-eliciting concentration of diazolidinyl urea of 0.05% in formaldehyde-sensitive patients and showed that the skin reactivity depends on the anatomical region, increasing from the upper arm to neck and, possibly, to the face. The study design, beginning on the upper arm and moving on to the neck and face seems to be relevant for the study of reactions to cosmetic products. A clear dose-response relationship was seen regarding preservative concentration in the product.",2005,Contact dermatitis,formaldehyde_releasers,skin | immune system,unspecified,moisturizer,unspecified,cosmetics product study | skin/topical study | clinical/hospital study,yes,"The study investigates the elicitation potential of diazolidinyl urea, a common preservative in cosmetic products, which is relevant to understanding the health effects of chemical toxicants in these products."
16197434,Allergic contact dermatitis to quaternium 15 in a moisturizing lotion.,"A 56-year-old nurse from a rural area presented with a 12-month history of hand dermatitis. She had previously been patch tested by a local medical practitioner with the thin-layer rapid-use epicutaneous test, which had shown allergies to quaternium 15 and formaldehyde. After testing, she was prescribed methylprednisolone aceponate 1 mg/g cream by the medical practitioner, but was not informed that quaternium 15 is contained in the Microshield moisturizing lotion she was using at work. When her dermatitis persisted, she saw a dermatologist, who advised her to avoid the Microshield moisturizing lotion, and use a waterless hand cleanser on return to work. The diagnoses were firstly allergic contact dermatitis from quaternium 15 in the moisturizing lotion, and secondly irritant contact dermatitis from nursing work. This case highlights both the presence of quaternium 15 in a product commonly used in health-care settings in Australia, and the importance of offering informed, appropriate advice to patients following patch testing.",2005,The Australasian journal of dermatology,formaldehyde_releasers,skin | immune system,skin sensitization,unspecified,unspecified,skin/topical study | clinical/hospital study,yes,"This paper is relevant because it describes a case of allergic contact dermatitis caused by quaternium 15, a chemical toxicant found in cosmetic products."
15842061,"North American Contact Dermatitis Group patch-test results, 2001-2002 study period.","Allergic contact dermatitis is a significant cause of cutaneous disease affecting many individuals in the home and at the workplace. Patch testing is the most worthwhile diagnostic tool for the evaluation of patients with suspected allergic contact dermatitis. This study reports the results of patch testing from January 1, 2001, to December 31, 2002, by the North American Contact Dermatitis Group (NACDG). Patients were tested with an extended screening series of 65 allergens. A standardized patch-testing technique was used. Data from these patients were recorded on a standardized computer entry form and analyzed. Sixty-five allergens were tested on 4,913 patients. The top 10 allergens remain the same in this study period as in the 1999-2000 study period: nickel sulfate (16.7%), neomycin (11.6%), Myroxilon pereirae (balsam of Peru) (11.6%), fragrance mix (10.4%), thimerosal (10.2%), sodium gold thiosulfate (10.2%), quaternium-15 (9.3%), formaldehyde (8.4%), bacitracin (7.9%), and cobalt chloride (7.4%). Of the 4,913 patients tested, 69% had at least one positive allergic patch-test reaction. Of all patients, 15.8% had occupation-related dermatitis; 15.4% were determined to have irritant contact dermatitis, and 11.1% of the 15.4% had a relevant reaction to an occupational irritant. Of all patients tested, 16.7% had a relevant reaction to an allergen not in the NACDG standard series, and 5.5% had a relevant reaction to an occupational allergen not in the standard series. Our findings once again reinforce the need for a more comprehensive group of diagnostic allergens than those found in the standard screening kits. The usefulness of patch testing is enhanced when a greater number of allergens are tested, especially nonstandard allergens occupationally encountered.",2004,"Dermatitis : contact, atopic, occupational, drug",formaldehyde_releasers,skin | immune system,skin sensitization,unspecified,unspecified,clinical/hospital study | industrial/occupational,yes,"This paper is relevant because it reports patch-test results that can help identify common allergens, including those found in cosmetic products, that cause contact dermatitis."
15337975,Prevalence and relevance of contact dermatitis allergens: a meta-analysis of 15 years of published T.R.U.E. test data.,"The patch test procedure is frequently employed to help determine or confirm the cause of allergic contact dermatitis (ACD). The T.R.U.E. Test has become a global standard and is the commercially available patch test system currently used within the United States. Although many studies report T.R.U.E. Test data, none has measured the overall prevalence and relevance of reactions to the allergens tested by the T.R.U.E. Test. Our objective is to describe the prevalence and relevance of contact dermatitis allergens as tested by the T.R.U.E. Test. We conducted a search of the MEDLINE database from 1966 to June 2000 for all publications on the use of the T.R.U.E. Test in the clinical evaluation of ACD in human subjects. Inclusion and exclusion criteria were applied. For each study, we identified and recorded the number of subjects tested, the number of patients with positive reactions, and the number with relevant reactions. Data were analyzed using the SAS system (Cary, NC). Ours is the first study to compile the entire corpus of published T.R.U.E. Test data and to examine these data using meta-analytic techniques. The meta-analysis shows that nickel (14.7% of tested patients), thimerosal (5.0%), cobalt (4.8%), fragrance mix (3.4%), and balsam of Peru (3.0%) are the most prevalent allergens. The 5 least prevalent allergens are paraben mix (0.5%), black rubber mix (0.6%), quaternium-15 (0.6%), quinoline mix (0.7%), and caine mix (0.7%). By contrast, North American Contact Dermatitis Data Group (NACDG) data show that the 5 most prevalent allergens are nickel (14.3%), fragrance mix (14%), neomycin (11.6%), balsam of Peru (10.4%), and thimerosal (10.4%). NACDG data indicate that the prevalence of allergy to cobalt is 9.2%. In order to assess the clinical importance of T.R.U.E. Test allergens, we employ the Significance-Prevalence Index Number (SPIN). Based on SPIN, the most clinically important allergens tested by the T.R.U.E. Test are nickel (SPIN=894), cobalt (266), fragrance mix (158), colophony (141), and thiuram mix (138). Our results identify the prevalence of common contact dermatitis allergens as tested by the T.R.U.E. Test and are in general agreement with previously published reports using other patch test methods. Over 3700 allergens have been identified as causing ACD, of which the T.R.U.E. Test tests only 23. Thus, the T.R.U.E. Test is a screening test at best. Comparison with NACDG data suggests that clinically important allergens may be missed by the T.R.U.E. Test.",2004,Journal of the American Academy of Dermatology,formaldehyde_releasers,immune system,skin sensitization,unspecified,unspecified,clinical/hospital study | epidemiological study,yes,"This paper is relevant because it analyzes the prevalence and relevance of contact dermatitis allergens, including those found in cosmetic products, using a widely used patch test system."
15218738,[Contact sensitization to pharmaceutic aids in dermatologic cosmetic and external use preparations].,"From April 2001 to December 2002, a group of 514 patients (178 men, 336 women, average age 42.8 years) suffering from chronic eczema were tested by means of epicutaneous tests for contact hypersensitivity to selected auxiliary substances of dermatological external and cosmetic preparations. In 194 patients, the principal diagnosis was atopic eczema. Of the preservatives, the most frequently sensitizing agents were Thiomersal in 13.6%, phenylmercuric acetate in 7.8%, formaldehyde in 5.6%, Bronopol in 5.1%, chlorohexidine in 3.3%, dibromodicyanobutane/phenoxyethanol in 2.9%, chloroacetamide in 2.1%, Kathon CG and parabenes in 1.9%, imidazolidinyl urea and diazolidinyl urea in 1.4%, glutaraldehyde in 1.2%, DMDM-hydantoin in 1.0%, dichlorophen in 0.8%, sorbic acid, phenoxyethanol and triclosan in 0.6%, benzalkonium chloride, Quaternium-15 and chlorocresol in 0.4% and chloroquinaldol in 0.2% of the group of patients. Of antioxidizing agents, it was dodecyl gallate in 2.3%, butylhydroxyanisol in 1.2%, propyl gallate in 0.6%, butylhydroxytoluen in 0.4% of the group o patients and of emulsifiers, alcohols lanae in 5.1%, triethanolamine in 1.6% and propylene glycol in 0.4% of the group of patients. A complete list of contained substances in drug information sheets of both pharmaceutical and cosmetic preparations seems necessary particularly for patients suffering from eczema. The results of the test can serve as feed-back information for the manufacturers of both pharmaceutical and cosmetic preparations.",2004,Ceska a Slovenska farmacie : casopis Ceske farmaceuticke spolecnosti a Slovenske farmaceuticke spolecnosti,formaldehyde_releasers,skin,unspecified,unspecified,propylene glycol | phenoxyethanol,cosmetics product study | clinical/hospital study,yes,This paper is relevant because it investigates contact sensitization to preservatives and other chemical toxicants commonly found in cosmetic products.
15032350,Optimization by experimental design and artificial neural networks of the ion-interaction reversed-phase liquid chromatographic separation of twenty cosmetic preservatives.,"Particular attention are recently receiving antimicrobial agents added as preservatives in hygiene and cosmetics commercial products, since some of them are suspected to be harmful to the human health. The preservatives used belong to different classes of chemical species and are generally used in their mixtures. Multi-component methods able to simultaneously determinate species with different chemical structure are therefore highly required in quality control analysis. This paper presents an ion interaction RP-HPLC method for the simultaneous separation of the 20 typical antimicrobial agents most used in cosmetics and hygiene products, that are: benzoic acid, salicylic acid, 4-hydroxybenzoic acid, methyl-, ethyl-, propyl-, butyl-, benzyl-benzoate, methyl-, ethyl-, propyl-, butyl-, benzyl-paraben, o-phenyl-phenol, 4-chloro-m-cresol, triclocarban, dehydroacetic acid, bronopol, sodium pyrithione and chlorhexidine. For the development of the method and the optimization of the chromatographic conditions, an experimental design was planned and models were built by the use of artificial neural network to correlate the retention time of each analyte to the variables and their interactions. The neuronal models developed showed good predictive ability and were used, by a grid search algorithm, to optimize the chromatographic conditions for the separation of the mixture.",2004,Journal of chromatography. A,formaldehyde_releasers,brain,unspecified,unspecified,salicylic acid,cosmetics product study | analytical/method study,no,"This paper is not directly relevant because it focuses on the development of a chromatographic method for separating cosmetic preservatives, rather than their health effects."
12588377,The British standard series of contact dermatitis allergens: validation in clinical practice and value for clinical governance.,"All centres use an empirically determined set of 'standard' test allergens for patch testing that contain the commoner environmental sensitizers. Objectives To assess the validity of the British standard series of 12 allergens used in addition to the 23 already in the European standard series. Results for 3062 consecutive patients patch tested in seven centres across the United Kingdom during the year 2000 were analysed. The additional allergens from the British series and positive rates were: methyl dibromoglutaronitrile 2.4%, carba mix 1.6%, tixocortol pivalate 1.5%, ethylenediamine 1.3%, cetearyl alcohol 0.8%, 2-bromo-2-nitropane-1,3-diol 0.8%, diazolidinyl urea 0.7%, chlorocresol 0.6%, budesonide 0.6%, fusidic acid 0.5%, imidazolidinyl urea 0.5%, and chloroxylenol 0.4%. The allergens with the lowest positive rate in the European standard series were primin at 0.6% and isopropyl-phenyl-para-phenylenediamine at 0.4%. The 12 allergens in the British series should continue being tested as a standard addition to the European series within the U.K. The collection of data in this manner to allow comparisons between centres shows differences that reflect selection criteria and interpretation of results, and offers a useful tool for audit and clinical governance. Testing fewer than 1 : 2150 population may indicate underprovision of service. Similarly, rates of sensitization for nickel contact allergy above 26% and for fragrance mix above 16% (the upper 95% confidence intervals) should stimulate inquiry into the reasons behind this.",2003,The British journal of dermatology,formaldehyde_releasers,immune system,skin sensitization,unspecified,unspecified,clinical/hospital study,no,"This paper focuses on the validation of a standard series of contact dermatitis allergens, but does not specifically address the health effects of chemical toxicants in cosmetic products."
12134817,Simultaneous determination of ketoconazole and formaldehyde in a shampoo: liquid chromatography method development and validation.,"Ketoconazole is an antifungal agent, which is the active ingredient in a shampoo primarily used for the treatment of seborrhatic dermatitis (anti-dandruff shampoo). The shampoo also contains imidazolidinylurea as a formaldehyde releasing preservative. The aim of this study was to develop a HPLC system that allows the determination of both ketoconazole and formaldehyde. The finally selected isocratic system consisted of an Interchrom Nucleosil (250 X 4.6 mm, 5 microm) C8 column and a mobile phase containing acetonitrile-phosphate buffer 0.025 M, pH 4.0, 45/55 (v/v). Ketoconazole could immediately be determined at 250 nm after injection of diluted shampoo. Formaldehyde was measured at 345 nm after derivatisation with a 2,4-dinitrophenylhydrazine solution. At the selected conditions, the other excipients of the shampoo did not interfere in the assays for both substances. Method validation was performed on both assays. Different selectivity towards ketoconazole and formaldehyde was observed when applying other C8 columns. This fact, however, did not affect the assays of both substances.",2002,Journal of chromatography. A,formaldehyde_releasers,unspecified,unspecified,shampoo,unspecified,hair product study | analytical/method study,yes,"This paper describes a method for determining formaldehyde, a known chemical toxicant, in a shampoo, which is a type of cosmetic product."
11918582,Patch test results in 542 patients with suspected contact dermatitis in Turkey.,"In this retrospective study, patch test results of 542 patients (303 female and 239 male), referred to our clinic between June 1996 and July 1999, were evaluated. All patients were patch tested with 32 allergens of an extended European standard series, 140 patients were tested with supplemental series, and 246 patients with their own substances. 280 (51.7%) patients had 1 or more positive results but allergic contact dermatitis, according to clinical relevance, was diagnosed in only 190 (67.9%) of these. Nickel sulfate was the most frequent sensitizer (19.1%), followed by potassium dichromate (11.8%), palladium chloride (9.4%), cobalt chloride (8.5%), and thiuram mix (7.7%). Frequencies of contact allergy to fragrance mix (5.5%), balsam of Peru (Myroxylon Pereirae resin) (2%), quaternium-15 (0.6%), and Kathon CG (methylchloroisothiazolinone+methylisothiazolinone) (0.2%) were relatively low, while no positive reactions were obtained to paraben mix in any case. Current clinical relevance to the present dermatitis was most frequently seen with carba mix (96.2%), thiuram mix (95.2%) and potassium dichromate (78.1%), whereas this rate was low for nickel (37.5%). In 85.8% of patients with allergic contact dermatitis, the responsible allergen was detected by testing with the extended standard series alone (18.4% identified by testing with the additional 10 allergens), in 11.6% by testing with the patients' own substances, and in 2.6% by testing with the supplemental series. Occupational contact dermatitis was diagnosed in 77 of the patients with positive reactions (27.5%), most of these being construction workers and house painters who showed relevant sensitizations to potassium dichromate, cobalt chloride, thiuram mix and carba mix. There was no statistically significant difference in the total contact sensitization rate between atopics and non-atopics, but contact sensitivity to nickel sulfate and palladium chloride was significantly higher among atopics. MOAHL index in % was: 44.1/14.2/24.9/ 54.4/2.4. In conclusion, we believe that similar large series of patients would be helpful to delineate the exact profile of contact dermatitis in Turkey.",2002,Contact dermatitis,formaldehyde_releasers,immune system,skin sensitization,unspecified,unspecified,clinical/hospital study | industrial/occupational,yes,"This paper presents patch test results that include common allergens found in cosmetic products, such as nickel sulfate and potassium dichromate, which are known chemical toxicants."
11422263,Standardization of the TRUE Test imidazolidinyl urea and diazolidinyl urea patches.,"The preservatives imidazolidinyl urea (IMID, Germall 115) and diazolidinyl urea (DU, Germall II) are commonly used in cosmetic products and are well-known sensitizers. The aim of the present study was to establish the optimal patch test concentration in hydrophilic dried-in vehicle (TRUE Test) for IMID and DU. 181 patients were included in the study. Of these, 150 were patients referred for patch testing, 12 were patients with known allergy to IMID and 19 were patients with known allergy to DU. 76 consecutive patients and the 12 IMID-allergic patients were patch tested with a dilution series IMID (0 to 600 microg/cm(2)), formaldehyde (180 microg/cm(2)) and DU (200 microg/cm(2)). 74 consecutive patients and the 19 DU-allergic patients were patch tested with a dilution series of DU (0 to 600 microg/cm(2)), formaldehyde (180 microg/cm) and IMID (200 microg/cm(2)). A positive dose-response relationship was found. The number of doubtful reactions decreased with increasing test concentrations. No late reactions were observed. A patch test concentration in hydrophilic dried-in vehicle (TRUE Test) of 600 microg/cm(2) was found to be adequate and safe for both IMID and DU.",2001,Contact dermatitis,formaldehyde_releasers,immune system,skin sensitization,unspecified,unspecified,cosmetics product study | clinical/hospital study,yes,"This paper investigates the sensitization potential of two preservatives, imidazolidinyl urea and diazolidinyl urea, commonly used in cosmetic products, which are known chemical toxicants."
11338672,Determination of bronopol in cosmetic products by HPLC with electrochemical detection.,A procedure is described for the assay of bronopol in cosmetics by HPLC coupled with constant-potential amperometric detection. Samples were analysed on an Alltima C18 column with methanol-phosphate buffer as the eluent and detected at a porous graphite electrode set at a reduction potential of -0.9 V. The recovery of bronopol from different cosmetic matrices was between 96.4 and 98.8% and the precision of the method was better than 4.5% relative standard deviation.,2001,Die Pharmazie,formaldehyde_releasers,unspecified,unspecified,unspecified,unspecified,cosmetics product study | analytical/method study,yes,"This paper describes a method for determining bronopol, a chemical preservative used in some cosmetic products, which is a known chemical toxicant."
11140384,Analytical control of preservative labelling on skin creams.,"Contents of 23 preservatives (22 permitted and 1 non-permitted) were analysed in 67 skin creams to verify whether these products complied with the Cosmetic Directive with respect to ingredient labelling, as well as with respect to maximum allowed concentrations of the respective preservatives. The preservatives selected for the analysis were: parabens, 2-phenoxyethanol, benzoic acid, 4-hydroxybenzoic acid, sorbic acid, salicylic acid, formaldehyde and formaldehyde releasers, 3:1 mixture of 5-chloro-2-methyl-4-isothiazolin-2-one and 2-methyl-4-isothiazolin-2-one (Kathon CG), 2-bromo-2-nitropropane-1,3-diol (Bronopol), 5-bromo-2-nitro-1,3-dioxane (Bronidox) and methyldibromo glutaronitrile. 1 or more parabens were present in 87% (n=58) of the investigated products, 2-phenoxy ethanol in 49% (n=33) of the products, and formaldehyde/formaldehyde releasers were present in 51% (n=34) of the products. Kathon CG was found in 3 products, acid preservatives (except salicylic acid) in 8 products, Bronopol in 5 products, and methyldibromo glutaronitrile was present in 4 products. The contents of all of the target preservatives in the skin creams were within the maximum allowed concentrations of the respective substances. Incorrect ingredient labelling with respect to paraben content was found in 10% (n=7) of the investigated products, 33% (n= 22) of the products were not declared for the content of formaldehyde/formaldehyde releaser, and 7% (n=5) products were incorrectly labelled for the content of 2-phenoxyethanol. In 1 of the products containing Kathon CG, the ratio of 5-chloro-2-methyl-4-isothiazolin-2-one to 2-methyl-4-isothiazolin-2-one (1.4:1) was not correct. 4 of the 8 products containing acid preservatives were not labelled for the content of these substances. All in all, in 45% (n=30) of the investigated skin creams ingredient labelling was incorrect with respect to preservative contents. The proportion of incorrect labelling is reduced to 23% (n = 15), when the formaldehyde content in skin creams below 30 ppm is not accounted.",2000,Contact dermatitis,formaldehyde_releasers,skin,unspecified,moisturizer,salicylic acid | phenoxyethanol,cosmetics product study | skin/topical study,yes,"This paper is relevant because it analyzes the presence and concentrations of various preservatives in skin creams, which are chemical toxicants commonly found in cosmetic products."
11056424,Contact sensitization to corticosteroids: increased risk in long term dermatoses.,"Patients affected by chronic dermatoses are at high risk for the development of sensitization to corticosteroids. This study was carried out to evaluate contact hypersensitivity to corticosteroids in a selected group of patients affected by longlasting cutaneous dermatoses. Sixty subjects underwent the GIRDCA series. The Italian GIRDCA series we applied had the following substances in addition to the European standard series: imidazolidinyl urea 2% pet, thiomersal 0.1% pet, disperse yellow 31% pet, disperse red 1% pet, 4'4-diaminodiphenylmethane 0.5% pet, ammoniated mercury 1% pet. The patients were tested with our corticosteroids series and some of them also with their own steroid products. Allergic reactions to corticosteroids were observed in 8/60 (13.3%) patients; budesonide was the main sensitizer (7 positives) followed by hydrocortisone-17-butyrate and betamethasone-17-valerate (2 and 1 positives, respectively). One patient also reacted to methylprednisolone aceponate contained in her own cream. 4/8 positives were certainly related to previous drug-exposure. This study showed a very high percentage of sensitization to corticosteroids. In our opinion, this value may be due both to our selection-standards and to the wide employment of a well known sensitizer like budesonide in our country. Although a corticosteroids series like ours seems to be adequate for the detection of sensitized patients, patch tests with individual compounds and/or steroids corresponding to local prescription habits are recommended, especially in unresponsive chronic dermatoses.",2000,European journal of dermatology : EJD,formaldehyde_releasers,skin | immune system,skin sensitization,unspecified,unspecified,skin/topical study | clinical/hospital study,no,"This paper focuses on contact sensitization to corticosteroids in patients with chronic dermatoses, which is not directly related to the health effects of chemical toxicants in cosmetic products."
